Id,IndicatorCode,SpatialDim,ParentLocationCode,TimeDim,NumericValue_MDG,Low,High
751,MDG_0000000007,SLV,AMR,2017,9.177680912,5.84183654,14.255143372
1646,MDG_0000000007,MOZ,AFR,2011,93.342799443,83.961474059,103.001955898
3542,MDG_0000000007,ARE,EMR,2019,6.304520038,5.924500676,6.708090809
4049,MDG_0000000007,TJK,EUR,2010,29.290260543,23.903977074,35.537795267
5722,MDG_0000000007,MNG,WPR,2011,15.619566767,12.757186387,18.863127915
6085,MDG_0000000007,UZB,EUR,2019,13.180912111,10.975301685,15.47565123
6179,MDG_0000000007,TUV,WPR,2012,25.440204229,18.727383472,34.025828567
6481,MDG_0000000007,UKR,EUR,2019,8.561170539,7.726440995,9.381297333
6684,MDG_0000000007,CUB,AMR,2010,6.180552501,5.420310787,6.989808378
7738,MDG_0000000007,SLV,AMR,2018,14.103434827,9.620989172,20.942293725
16815,MDG_0000000007,DOM,AMR,2012,31.373055251,26.362214629,37.071715827
17076,MDG_0000000007,SYR,EMR,2018,32.60028805,17.987929438,41.68461386
17142,MDG_0000000007,CMR,AFR,2010,66.238958173,57.646918296,76.407478107
17695,MDG_0000000007,STP,AFR,2014,25.36177431,18.454272532,34.823867757
20036,MDG_0000000007,BLR,EUR,2015,2.787769385,2.056688226,3.685129338
21804,MDG_0000000007,ECU,AMR,2014,15.927440888,15.13483299,16.78737566
23207,MDG_0000000007,SMR,EUR,2014,2.142007548,1.287978048,3.623354951
24715,MDG_0000000007,BTN,SEAR,2011,56.471427346,42.576750597,74.52079507
25737,MDG_0000000007,ZAF,AFR,2015,32.976958377,27.853933359,38.533288665
26181,MDG_0000000007,KIR,WPR,2017,76.593631249,54.21796176,107.092307069
28036,MDG_0000000007,SRB,EUR,2017,7.695977947,6.295060872,9.216995072
29988,MDG_0000000007,LBR,AFR,2013,95.406412475,86.369562752,105.582521096
32084,MDG_0000000007,SOM,EMR,2010,194.805048879,136.42978985,283.761932393
33650,MDG_0000000007,KGZ,EUR,2010,20.561476518,16.81241104,24.710872575
36720,MDG_0000000007,PSE,EMR,2014,27.709109426,21.772987249,35.053670947
36967,MDG_0000000007,TUV,WPR,2012,20.079745345,13.594775477,29.177074768
38270,MDG_0000000007,BGR,EUR,2014,8.693442733,8.399598107,8.997709509
38278,MDG_0000000007,COD,AFR,2017,94.707802241,65.19401138,135.548943281
38947,MDG_0000000007,EGY,EMR,2014,21.088567573,16.875965498,26.382093272
39495,MDG_0000000007,BRA,AMR,2019,12.391561173,10.340292743,14.657378216
41506,MDG_0000000007,TUN,EMR,2017,17.914086596,17.570823266,18.259423936
45547,MDG_0000000007,MDV,SEAR,2014,11.991040765,10.333535057,13.752190034
45846,MDG_0000000007,GNQ,AFR,2018,90.487767839,54.839974814,143.901977823
47727,MDG_0000000007,COM,AFR,2014,63.430824448,49.345064477,78.471686105
48062,MDG_0000000007,IDN,SEAR,2013,18.03118471,15.19516242,21.41851854
48420,MDG_0000000007,GAB,AFR,2018,40.163146046,32.212207812,50.947585036
49890,MDG_0000000007,HTI,AMR,2018,46.05326816,34.421003998,62.978950474
50735,MDG_0000000007,SLE,AFR,2013,151.134709658,133.808114604,169.912682735
53373,MDG_0000000007,SWZ,AFR,2012,79.185693335,65.93516159,95.186220774
53503,MDG_0000000007,PNG,WPR,2014,60.16593459,46.540244972,76.256990214
60008,MDG_0000000007,BTN,SEAR,2015,25.647884841,17.326347472,37.990338451
60857,MDG_0000000007,YEM,EMR,2014,32.528110132,26.148100135,40.179581275
61379,MDG_0000000007,NER,AFR,2010,136.523401543,124.387379058,149.884278495
63664,MDG_0000000007,KGZ,EUR,2016,23.966093101,21.102712668,26.921704942
63733,MDG_0000000007,BEN,AFR,2018,59.755148084,50.509071318,70.031437173
63751,MDG_0000000007,GNB,AFR,2010,119.479994064,97.846384786,146.640094002
63882,MDG_0000000007,BOL,AMR,2018,27.82626942,21.279886396,35.979163646
64083,MDG_0000000007,VNM,WPR,2012,17.952636249,15.05507241,20.988552912
65678,MDG_0000000007,BTN,SEAR,2012,38.492996509,28.3602693,51.671268462
70235,MDG_0000000007,PAK,EMR,2019,43.380755124,35.855677538,52.092880831
71801,MDG_0000000007,MLT,EUR,2012,6.789129059,6.190564284,7.461809394
72148,MDG_0000000007,BGD,SEAR,2017,23.876361848,21.286219976,26.702781373
75789,MDG_0000000007,CRI,AMR,2017,8.853105631,8.603494073,9.113664793
77188,MDG_0000000007,BDI,AFR,2018,60.368617915,41.210490851,87.74962477
78557,MDG_0000000007,SMR,EUR,2015,2.029154787,1.17495997,3.522729692
84285,MDG_0000000007,UGA,AFR,2019,56.779171844,41.888980761,76.375883573
84880,MDG_0000000007,SLE,AFR,2011,155.104098674,141.857255783,169.654067536
85637,MDG_0000000007,SUR,AMR,2012,19.459629924,14.315811138,26.284894399
89124,MDG_0000000007,UZB,EUR,2014,17.545509275,13.909962756,21.534222043
89885,MDG_0000000007,MDV,SEAR,2010,15.723511364,13.620205725,18.016571934
92276,MDG_0000000007,FJI,WPR,2018,24.386251407,21.972301679,26.739165164
93875,MDG_0000000007,AGO,AFR,2016,100.529147912,49.266859919,177.62761561
94814,MDG_0000000007,JOR,EMR,2015,16.465422844,14.13579412,19.421892911
95207,MDG_0000000007,BTN,SEAR,2012,34.9608307,26.101020604,45.939217623
101244,MDG_0000000007,GTM,AMR,2011,40.320429316,34.484523972,46.870553632
102232,MDG_0000000007,AGO,AFR,2012,94.308274906,55.818831631,144.627067675
102435,MDG_0000000007,QAT,EMR,2011,8.892949677,8.500256736,9.306446558
102994,MDG_0000000007,LBR,AFR,2016,91.029151991,78.711079064,105.221134395
103687,MDG_0000000007,PRY,AMR,2019,12.11023111,6.006995931,24.762776891
104406,MDG_0000000007,NIC,AMR,2010,14.558641477,11.188105833,18.527590167
106525,MDG_0000000007,KHM,WPR,2017,14.661570313,8.373729764,25.764367306
106680,MDG_0000000007,DOM,AMR,2014,34.971488068,30.138467408,40.302562233
107084,MDG_0000000007,COM,AFR,2012,66.298215466,51.18831507,82.285152543
107469,MDG_0000000007,FJI,WPR,2011,28.179670865,23.1665391,33.332155429
108442,MDG_0000000007,TUV,WPR,2013,19.389772679,12.820777015,28.803788817
110635,MDG_0000000007,SEN,AFR,2012,79.12363656,71.573929731,86.879044887
110705,MDG_0000000007,LBR,AFR,2017,88.656982516,75.315515681,104.490419947
113042,MDG_0000000007,ARG,AMR,2012,13.286322689,13.034061115,13.541317304
113226,MDG_0000000007,PRK,SEAR,2019,17.700214627,13.861532343,22.662612915
114142,MDG_0000000007,TJK,EUR,2015,33.561784346,27.982074311,39.79056426
116104,MDG_0000000007,MAR,EMR,2011,41.819886254,34.024220042,50.311010073
116615,MDG_0000000007,WSM,WPR,2014,20.399892867,16.409341513,25.218741369
116845,MDG_0000000007,DZA,AFR,2010,20.64850086,16.842388444,25.192897308
119625,MDG_0000000007,AGO,AFR,2015,105.259852582,53.207620055,180.114624218
121369,MDG_0000000007,LSO,AFR,2014,60.987062492,50.596582436,72.886089627
121707,MDG_0000000007,COD,AFR,2019,88.29926159,57.129694949,133.690513771
121882,MDG_0000000007,IRQ,EMR,2017,29.924298726,23.590439364,37.918352544
122856,MDG_0000000007,THA,SEAR,2010,8.946200391,6.520962477,11.99878989
124093,MDG_0000000007,CPV,AFR,2019,14.120891921,13.374923884,14.918380365
125369,MDG_0000000007,CIV,AFR,2014,113.039918207,99.856259425,127.408859635
126882,MDG_0000000007,IND,SEAR,2013,73.319897439,68.330671364,78.659504294
127359,MDG_0000000007,BEN,AFR,2010,71.698450379,62.891632062,81.512853823
129382,MDG_0000000007,SLV,AMR,2017,14.75613445,10.369230867,21.21810987
130148,MDG_0000000007,WPR,,2011,16.761625867,16.07395554,17.47753484
130196,MDG_0000000007,WPR,,2015,13.586077568,13.013554855,14.230758208
130239,MDG_0000000007,KIR,WPR,2011,74.315370052,58.227684066,93.748655458
130743,MDG_0000000007,SWZ,AFR,2017,56.458717178,43.237646795,74.696340418
131706,MDG_0000000007,UNICEFREGIONEECA,,2015,13.750255542,13.305592018,14.229469428
133095,MDG_0000000007,TJK,EUR,2011,34.688764665,29.947158423,39.674884556
133713,MDG_0000000007,CMR,AFR,2011,140.50816944,124.498359626,158.434600067
135358,MDG_0000000007,IND,SEAR,2011,55.032722084,52.53702652,57.78864075
135921,MDG_0000000007,SUR,AMR,2014,15.187322344,10.162964694,22.671202613
139642,MDG_0000000007,KAZ,EUR,2010,22.725441816,19.991362354,25.542309418
139936,MDG_0000000007,GNQ,AFR,2015,79.469183044,52.509238996,116.718600184
140231,MDG_0000000007,UNICEFREGIONWE,,2017,3.928706522,3.903468608,3.957307783
140453,MDG_0000000007,SLV,AMR,2014,15.172415101,11.55679923,19.629234907
150132,MDG_0000000007,ZMB,AFR,2011,84.050607849,74.811791852,94.242662278
151073,MDG_0000000007,MSR,AMR,2014,8.69115836,3.998759561,19.334792681
151329,MDG_0000000007,SLE,AFR,2014,149.663872076,131.620801035,169.368577032
153439,MDG_0000000007,GNB,AFR,2010,130.116082399,103.808985206,161.928311262
156757,MDG_0000000007,KEN,AFR,2013,46.692476981,41.168334139,53.18351626
156832,MDG_0000000007,CIV,AFR,2018,99.714339839,85.965852681,115.360752367
156905,MDG_0000000007,BFA,AFR,2018,91.230228758,69.736463076,120.296967715
157842,MDG_0000000007,LBY,EMR,2017,12.353419357,8.426960988,18.081175899
158439,MDG_0000000007,BLR,EUR,2019,2.139100946,1.566552325,2.842115887
160726,MDG_0000000007,GNQ,AFR,2016,89.889313661,58.48227873,133.122141551
160916,MDG_0000000007,GTM,AMR,2010,30.074275575,25.24428297,35.375549325
161829,MDG_0000000007,PNG,WPR,2018,47.24272759,34.808286332,63.133953781
163076,MDG_0000000007,TUR,EUR,2014,21.412574623,17.996830212,24.968640835
164746,MDG_0000000007,KEN,AFR,2013,50.075404005,45.198773724,55.495391717
164917,MDG_0000000007,JOR,EMR,2019,14.807421513,11.920294668,18.938702243
167735,MDG_0000000007,KHM,WPR,2019,30.621697321,16.477798727,57.042064741
169212,MDG_0000000007,LSO,AFR,2015,78.213759487,68.959237268,88.573164949
171512,MDG_0000000007,HTI,AMR,2016,63.985873043,51.514526609,81.245917665
174784,MDG_0000000007,ALB,EUR,2013,10.541604598,9.520917876,11.558780396
175355,MDG_0000000007,JOR,EMR,2011,20.07802753,17.080435777,23.606949093
176301,MDG_0000000007,AZE,EUR,2019,14.926967869,9.976508734,21.955214959
176805,MDG_0000000007,COD,AFR,2017,55.457233775,37.27424573,80.669099967
176931,MDG_0000000007,LKA,SEAR,2011,12.030466003,10.413303441,13.709338166
179720,MDG_0000000007,AGO,AFR,2019,76.969205316,34.767286272,144.585032629
181177,MDG_0000000007,KGZ,EUR,2019,12.929299316,10.461822151,15.786304107
181388,MDG_0000000007,SWZ,AFR,2016,57.404512336,44.958008573,74.026779172
183904,MDG_0000000007,ARG,AMR,2012,14.595079529,12.703660784,16.593740681
184735,MDG_0000000007,KEN,AFR,2018,41.432662446,35.952679174,47.772135819
184786,MDG_0000000007,AFG,EMR,2018,65.429899369,55.407029256,76.13181651
187432,MDG_0000000007,UGA,AFR,2010,76.351192191,69.173008664,84.065344989
188767,MDG_0000000007,ALB,EUR,2019,8.21761303,6.902409769,9.698215269
188796,MDG_0000000007,FJI,WPR,2010,25.13544785,21.807340991,28.498465788
189196,MDG_0000000007,BRN,WPR,2015,10.003270626,9.329477012,10.69923446
189351,MDG_0000000007,ERI,AFR,2018,45.856466991,28.758986242,73.182770609
192132,MDG_0000000007,HTI,AMR,2015,82.316539665,67.060009178,102.658340053
192761,MDG_0000000007,HND,AMR,2012,15.417088704,12.294332483,19.134021669
197380,MDG_0000000007,UNSDG_SUBSAHARANAFRICA,,2012,95.767882426,91.993760226,100.733247796
197680,MDG_0000000007,COL,AMR,2012,12.029505366,9.43574903,15.224008877
203265,MDG_0000000007,PAK,EMR,2017,83.525800055,73.155237743,95.265132623
203480,MDG_0000000007,UGA,AFR,2011,71.103947009,64.134516696,78.787617303
205818,MDG_0000000007,TJK,EUR,2012,27.657560237,22.974245046,32.905077372
207725,MDG_0000000007,GNB,AFR,2015,80.298168745,55.994619519,110.90754247
209338,MDG_0000000007,GAB,AFR,2014,40.609762386,33.056447362,49.764912977
209603,MDG_0000000007,BLR,EUR,2019,2.710158749,2.238547301,3.225379415
209707,MDG_0000000007,WB_HI,,2013,6.17951646,6.118164857,6.25130741
211420,MDG_0000000007,MCO,EUR,2013,3.720533613,3.178720551,4.361981555
212957,MDG_0000000007,MOZ,AFR,2010,106.517543369,94.247021288,119.503222718
213127,MDG_0000000007,LAO,WPR,2018,46.837271304,35.75362079,60.135917616
214987,MDG_0000000007,VCT,AMR,2019,13.059948794,11.204628636,15.224837506
215094,MDG_0000000007,SDN,EMR,2012,81.354368072,67.601161097,96.979765836
216122,MDG_0000000007,LKA,SEAR,2018,8.439875447,7.31076401,9.601479103
217589,MDG_0000000007,KGZ,EUR,2015,28.078809259,24.003296264,32.474672692
218624,MDG_0000000007,MAR,EMR,2015,33.492014294,25.554583408,42.589911969
221957,MDG_0000000007,CIV,AFR,2010,69.508482266,60.228981765,79.391417905
221973,MDG_0000000007,GAB,AFR,2010,37.700615987,29.669942653,47.452275161
222060,MDG_0000000007,SYR,EMR,2015,36.958645272,23.955001655,44.893879169
223383,MDG_0000000007,STP,AFR,2012,29.531637026,22.21996181,38.315758939
227037,MDG_0000000007,MAR,EMR,2017,30.213190445,22.187812801,39.875071655
230872,MDG_0000000007,IND,SEAR,2018,18.381444325,15.855256463,21.251131254
232440,MDG_0000000007,VCT,AMR,2018,13.936444444,12.222565066,15.884033141
232648,MDG_0000000007,AND,EUR,2018,3.08401718,0.908628527,10.734056038
233172,MDG_0000000007,MOZ,AFR,2015,59.340899996,51.234280614,68.798283769
235441,MDG_0000000007,KGZ,EUR,2017,20.183656775,18.377516357,21.936801861
235779,MDG_0000000007,TJK,EUR,2016,29.387920931,25.282083149,34.020128575
236192,MDG_0000000007,COM,AFR,2016,42.277472461,33.010790381,52.302805219
237464,MDG_0000000007,AFG,EMR,2010,112.708311478,100.762794641,125.49065782
239546,MDG_0000000007,GNQ,AFR,2015,93.251843007,63.335850984,133.084210009
241103,MDG_0000000007,TZA,AFR,2017,51.428621685,45.075703922,58.702741248
244348,MDG_0000000007,UNSDG_SOUTHEASTERNASIA,,2010,32.156848271,30.764304816,33.688154412
244413,MDG_0000000007,GNB,AFR,2018,85.071218234,55.689021933,126.767075668
244607,MDG_0000000007,ROU,EUR,2018,7.254266577,7.085471934,7.426593915
244935,MDG_0000000007,FIN,EUR,2016,2.428923414,2.29786952,2.565726082
246176,MDG_0000000007,MWI,AFR,2016,49.570564196,38.840015722,61.695070779
246217,MDG_0000000007,MDV,SEAR,2017,7.635827649,6.379928617,9.056533788
247187,MDG_0000000007,TZA,AFR,2011,66.597998026,58.640132727,74.984317546
248555,MDG_0000000007,UNSDG_CENTRALASIA,,2019,19.140567635,17.652088531,20.963240852
248968,MDG_0000000007,MMR,SEAR,2010,65.67234063,55.517586242,76.768138579
251509,MDG_0000000007,TJK,EUR,2011,27.790651664,22.627237899,33.895336901
253092,MDG_0000000007,EGY,EMR,2010,28.609741674,25.524695275,32.191544074
255924,MDG_0000000007,RWA,AFR,2013,48.47773585,40.308208419,57.75759177
257649,MDG_0000000007,AGO,AFR,2017,59.674367812,27.5554543,109.546692455
259536,MDG_0000000007,KOR,WPR,2013,3.726376716,3.654784134,3.799326575
261003,MDG_0000000007,LSO,AFR,2016,71.826438204,64.214429622,80.293650576
262644,MDG_0000000007,TKM,EUR,2018,32.1000851,21.809358396,46.057442298
263364,MDG_0000000007,COG,AFR,2017,49.271527437,31.557788,75.823266599
263749,MDG_0000000007,SEN,AFR,2016,42.505526961,37.557975872,47.982669368
264959,MDG_0000000007,RUS,EUR,2014,8.92426778,8.756807112,9.098415399
266192,MDG_0000000007,GTM,AMR,2017,17.407844174,13.020646018,22.962376654
267910,MDG_0000000007,BRA,AMR,2014,24.452737515,20.691198833,28.473361079
270176,MDG_0000000007,UNSDG_WESTERNASIANORTHERNAFR,,2014,29.372463679,27.560523932,31.488782179
271177,MDG_0000000007,SWZ,AFR,2010,77.202434191,64.8897219,91.513020038
271587,MDG_0000000007,JOR,EMR,2018,16.729820223,13.258885619,21.392177076
272556,MDG_0000000007,YEM,EMR,2010,47.839061912,40.660051739,55.635131357
273439,MDG_0000000007,TZA,AFR,2015,51.5629662,44.615088125,59.292122263
273928,MDG_0000000007,GEO,EUR,2010,12.106358351,10.088647271,14.397469427
274042,MDG_0000000007,JOR,EMR,2019,16.304022781,12.671334898,21.268604979
274487,MDG_0000000007,THA,SEAR,2014,12.296675133,10.525065832,13.477338788
274648,MDG_0000000007,UKR,EUR,2010,7.758147767,5.751770429,10.277234362
275846,MDG_0000000007,MHL,WPR,2012,38.214015131,30.604976199,48.512519191
276427,MDG_0000000007,PAK,EMR,2012,97.640896146,88.528802945,107.514505044
276707,MDG_0000000007,FSM,WPR,2015,29.754333887,15.993611641,53.838994705
278230,MDG_0000000007,ARG,AMR,2014,16.372526087,13.686440512,19.264891458
282273,MDG_0000000007,JOR,EMR,2011,18.456224504,16.016421527,21.227086067
284131,MDG_0000000007,FJI,WPR,2010,22.404612859,20.25292898,24.576435551
286239,MDG_0000000007,BGR,EUR,2018,6.965479464,6.718830885,7.226475595
286580,MDG_0000000007,BLR,EUR,2016,3.867052296,3.483968861,4.249054718
287127,MDG_0000000007,DZA,AFR,2014,26.963506057,23.751033367,30.377417394
287698,MDG_0000000007,UNICEFREGIONNA,,2016,6.550285113,6.455838317,6.64575939
288209,MDG_0000000007,BDI,AFR,2019,63.036038265,41.412493074,95.30084345
289184,MDG_0000000007,RUS,EUR,2018,6.331894432,6.208229644,6.460065496
291074,MDG_0000000007,JOR,EMR,2019,18.466246633,14.176592686,24.410464868
292120,MDG_0000000007,CIV,AFR,2016,57.069197713,48.575491664,66.885506404
294499,MDG_0000000007,RWA,AFR,2010,67.319482048,58.830636364,76.756714814
294562,MDG_0000000007,SOM,EMR,2019,84.162467078,41.281361981,174.730104637
294905,MDG_0000000007,AGO,AFR,2017,80.472957582,38.472454252,144.286390517
299017,MDG_0000000007,DEU,EUR,2017,3.84546899,3.777529827,3.919758244
299940,MDG_0000000007,AFG,EMR,2015,51.922131236,43.999567412,60.692070999
300906,MDG_0000000007,SOM,EMR,2016,122.731966578,69.07647584,224.387465664
303559,MDG_0000000007,PER,AMR,2019,25.461719506,20.964226983,30.859177793
303939,MDG_0000000007,BEN,AFR,2012,103.868648282,95.285156228,113.292883936
305348,MDG_0000000007,GAB,AFR,2010,48.185570484,40.150626137,57.307198887
307396,MDG_0000000007,ZWE,AFR,2011,73.873335544,65.025614917,83.86000232
308227,MDG_0000000007,GMB,AFR,2015,75.318527789,62.566769294,89.648874277
310041,MDG_0000000007,GHA,AFR,2015,52.498543917,48.268728583,56.980225641
313164,MDG_0000000007,IRQ,EMR,2015,31.990367758,26.097174107,38.997853715
313809,MDG_0000000007,TUR,EUR,2019,10.837568667,9.561946999,12.213895746
314042,MDG_0000000007,BOL,AMR,2010,49.940792393,42.727607145,58.016151727
315574,MDG_0000000007,FIN,EUR,2013,2.649124929,2.518462139,2.784067603
316516,MDG_0000000007,ARG,AMR,2015,8.477254979,6.36777904,11.117661303
317927,MDG_0000000007,NAM,AFR,2012,55.096904792,45.253488376,66.883122555
319524,MDG_0000000007,PSE,EMR,2011,21.193026673,18.611194084,24.206607726
321997,MDG_0000000007,COG,AFR,2014,47.191571363,33.02217203,64.752165042
322469,MDG_0000000007,DZA,AFR,2015,24.929632329,23.482461392,26.391984727
324166,MDG_0000000007,UNSDG_LLDC,,2010,83.990348766,81.830691076,86.577777247
325796,MDG_0000000007,LAO,WPR,2019,63.756433666,46.00908072,86.28179211
328016,MDG_0000000007,MMR,SEAR,2011,70.519542047,57.307499728,85.012429518
334329,MDG_0000000007,UNICEF_ECARO,,2018,14.208000085,13.538350257,15.001259448
336059,MDG_0000000007,TON,WPR,2012,16.534866593,12.673346858,21.126008154
336561,MDG_0000000007,JAM,AMR,2014,18.745564973,17.761393302,19.801668392
337355,MDG_0000000007,ZMB,AFR,2013,68.440013541,61.595380035,75.935367374
341160,MDG_0000000007,GRD,AMR,2012,16.401709556,14.887383751,18.079492054
341890,MDG_0000000007,NZL,WPR,2012,6.001474519,5.815651283,6.209242194
342003,MDG_0000000007,SOM,EMR,2016,129.638288903,74.802715942,234.034421579
343632,MDG_0000000007,GTM,AMR,2010,41.974712834,36.118956543,48.589045258
348665,MDG_0000000007,TGO,AFR,2018,39.519208209,30.84184002,50.03129851
351999,MDG_0000000007,NPL,SEAR,2018,28.52081597,24.085491196,33.638628521
355218,MDG_0000000007,NER,AFR,2011,95.542849387,82.367376317,110.936893632
357695,MDG_0000000007,ZMB,AFR,2016,59.006779077,53.055318321,65.54349397
357804,MDG_0000000007,LKA,SEAR,2018,5.285834033,3.913612187,6.997322668
359326,MDG_0000000007,STP,AFR,2017,16.42084758,10.090848699,27.15226062
359522,MDG_0000000007,SWZ,AFR,2014,76.534762569,61.924266674,94.261718626
359923,MDG_0000000007,ZAF,AFR,2019,34.482041549,32.073977065,36.923181119
360770,MDG_0000000007,FJI,WPR,2019,25.999728757,23.321940527,28.674919057
360943,MDG_0000000007,COG,AFR,2012,58.163164341,46.010491937,70.946031461
362619,MDG_0000000007,XKX,,2017,12.613856879,11.620243435,13.719121121
365881,MDG_0000000007,AGO,AFR,2012,104.790583095,63.32376859,158.332001825
366855,MDG_0000000007,UNICEFREGIONSSA,,2015,88.121758842,83.60598794,94.875601342
366964,MDG_0000000007,STP,AFR,2012,25.74188185,18.911042618,34.267660435
366979,MDG_0000000007,TKM,EUR,2013,53.436358313,40.643471539,69.713732873
367243,MDG_0000000007,UZB,EUR,2012,25.173251673,21.553894237,28.868737372
367401,MDG_0000000007,MRT,AFR,2018,38.919981855,31.479573685,47.950992515
368577,MDG_0000000007,POL,EUR,2017,4.644748055,4.547882341,4.741427721
369046,MDG_0000000007,ATG,AMR,2013,11.334993664,9.91184031,12.987549371
369445,MDG_0000000007,NGA,AFR,2017,61.570673471,49.903342019,76.944715327
374554,MDG_0000000007,NAM,AFR,2019,58.553273851,45.568411712,75.722363435
375148,MDG_0000000007,TJK,EUR,2014,25.622715511,21.152451579,30.756360324
375908,MDG_0000000007,UNICEFREGIONSA,,2018,42.790306966,40.739344376,45.032995722
376168,MDG_0000000007,VUT,WPR,2013,25.46672557,19.66769716,32.165521301
376399,MDG_0000000007,NAM,AFR,2015,51.53900228,40.263872108,64.14898544
379264,MDG_0000000007,SYR,EMR,2011,19.141555991,14.425865853,24.239955728
380958,MDG_0000000007,KEN,AFR,2017,35.19240827,30.180726142,41.009226888
381771,MDG_0000000007,BGD,SEAR,2017,35.182128406,33.573798456,36.716704303
381827,MDG_0000000007,NZL,WPR,2010,6.219654493,6.036464772,6.430384018
381847,MDG_0000000007,ETH,AFR,2012,75.252574032,69.171394489,82.145230611
382512,MDG_0000000007,MMR,SEAR,2018,45.977622255,32.430520383,62.053545995
383443,MDG_0000000007,LKA,SEAR,2013,6.852041308,5.059500065,9.038795815
384240,MDG_0000000007,EMR,,2010,61.676427223,58.930893017,65.392960948
384642,MDG_0000000007,THA,SEAR,2018,10.678327972,9.10173389,12.346530138
386394,MDG_0000000007,SOM,EMR,2013,102.728371751,59.988192885,180.992331121
387027,MDG_0000000007,PER,AMR,2013,18.239946443,16.342724149,20.21286398
387730,MDG_0000000007,DOM,AMR,2013,44.616555009,37.54076215,52.617116704
387944,MDG_0000000007,ATG,AMR,2016,10.809701192,9.359099297,12.51060644
389590,MDG_0000000007,MDG,AFR,2017,60.126541786,51.633766955,69.858078143
392003,MDG_0000000007,BEL,EUR,2018,3.98640534,3.864617269,4.116110644
392603,MDG_0000000007,GNQ,AFR,2014,103.660372507,70.638878832,146.101463164
393118,MDG_0000000007,MDG,AFR,2013,80.757542121,70.22309452,92.564900675
395658,MDG_0000000007,MUS,AFR,2011,14.916520354,14.093717016,15.768860878
399302,MDG_0000000007,GHA,AFR,2018,58.278443178,50.447993513,66.750796792
402120,MDG_0000000007,AUT,EUR,2010,4.325780308,4.162859047,4.496935511
404326,MDG_0000000007,HTI,AMR,2017,66.078393708,53.494715495,83.513222826
406578,MDG_0000000007,EMR,,2019,47.025596951,43.218579785,52.961424343
407273,MDG_0000000007,SSD,AFR,2013,99.224694154,60.182939853,151.129940583
407748,MDG_0000000007,LSO,AFR,2018,67.190732849,55.654613959,80.725608463
408266,MDG_0000000007,SRB,EUR,2017,5.880532271,5.253492874,6.468702529
414499,MDG_0000000007,COM,AFR,2011,38.760928481,29.050546724,49.798060829
416964,MDG_0000000007,MMR,SEAR,2011,52.620925856,42.140103058,64.647327769
417209,MDG_0000000007,TUV,WPR,2011,34.332844972,26.223482189,44.082486804
417764,MDG_0000000007,MDV,SEAR,2017,6.127599503,4.553096704,8.106276593
418048,MDG_0000000007,UKR,EUR,2018,8.742074683,7.881334371,9.581257634
419186,MDG_0000000007,MDV,SEAR,2012,8.630891323,6.423104303,11.386168544
423371,MDG_0000000007,UNICEFREGIONEAP,,2014,17.521828329,16.82818241,18.311994944
424328,MDG_0000000007,ZAF,AFR,2010,50.01025481,46.817184549,53.520996
425476,MDG_0000000007,BGD,SEAR,2017,35.753090911,33.235411022,38.361294525
426039,MDG_0000000007,COG,AFR,2015,54.33076827,37.116944938,76.90293784
430207,MDG_0000000007,YEM,EMR,2019,58.850654778,47.434329494,72.496612822
430968,MDG_0000000007,KAZ,EUR,2016,12.346462043,10.822342159,13.957982592
432572,MDG_0000000007,HND,AMR,2017,13.051084875,9.914349506,17.091061759
432830,MDG_0000000007,MNG,WPR,2017,14.086778818,11.986406263,16.302337516
434241,MDG_0000000007,TGO,AFR,2017,92.676842547,75.790809808,112.394035051
436903,MDG_0000000007,TGO,AFR,2016,73.190976929,63.112695219,84.997264023
438419,MDG_0000000007,PAK,EMR,2017,73.515934476,65.384937568,82.402318518
439688,MDG_0000000007,ARM,EUR,2016,13.970705741,11.725669982,16.25331408
440196,MDG_0000000007,BEL,EUR,2017,4.031132702,3.910788501,4.158153733
440793,MDG_0000000007,TCD,AFR,2014,142.927180789,121.147669974,167.616959196
440964,MDG_0000000007,WB_UMI,,2019,14.382529982,13.814713311,15.206286862
446903,MDG_0000000007,COD,AFR,2013,63.410102806,46.917652206,82.837523569
447779,MDG_0000000007,CYP,EUR,2016,2.907103753,2.578820193,3.253397238
450538,MDG_0000000007,VEN,AMR,2018,24.25735441,20.706543217,28.410305541
451649,MDG_0000000007,SUR,AMR,2013,21.444765278,15.967492498,28.432782096
451940,MDG_0000000007,SOM,EMR,2014,157.210602764,95.357636442,269.555878357
454034,MDG_0000000007,GTM,AMR,2014,29.431832525,25.356099438,34.046987945
454951,MDG_0000000007,VUT,WPR,2017,15.996883745,12.268180053,20.560204805
457091,MDG_0000000007,CIV,AFR,2015,109.176581863,95.901208661,123.773095707
458931,MDG_0000000007,AGO,AFR,2014,110.498793777,58.245587516,183.631314321
459510,MDG_0000000007,PHL,WPR,2015,41.524570071,35.839742381,47.966149719
459929,MDG_0000000007,TLS,SEAR,2011,63.180263652,51.755264482,75.044215947
460105,MDG_0000000007,GEO,EUR,2016,6.786152457,5.069231646,8.967554979
460748,MDG_0000000007,MLI,AFR,2017,136.805160524,115.769893412,161.038580782
461596,MDG_0000000007,NIC,AMR,2017,22.236626681,18.629426567,26.564824267
462435,MDG_0000000007,YEM,EMR,2016,47.715510986,41.690571924,54.81527157
462906,MDG_0000000007,DNK,EUR,2013,4.083159904,3.912801498,4.266065555
464254,MDG_0000000007,TON,WPR,2011,14.744559035,11.916039207,18.09037992
466990,MDG_0000000007,NIC,AMR,2017,10.787377208,8.310359918,13.884629588
467288,MDG_0000000007,NIC,AMR,2012,27.616234217,22.859692565,32.82034004
468697,MDG_0000000007,LKA,SEAR,2017,8.819968302,7.64064593,10.062983445
469315,MDG_0000000007,NGA,AFR,2015,166.262492907,142.195229988,195.5387464
470252,MDG_0000000007,PHL,WPR,2013,28.283134408,25.593063153,31.180898693
472071,MDG_0000000007,MRT,AFR,2011,64.101474177,55.597799448,73.584721474
472581,MDG_0000000007,TUN,EMR,2018,17.518014206,17.17641839,17.87664504
473717,MDG_0000000007,MEX,AMR,2010,19.120082097,18.131593374,20.313356656
476478,MDG_0000000007,CPV,AFR,2013,22.601703404,21.602926921,23.615769472
476709,MDG_0000000007,COD,AFR,2013,126.881902213,95.111977378,163.65289758
477834,MDG_0000000007,TUV,WPR,2011,30.219261398,24.054309117,37.819064386
480400,MDG_0000000007,BWA,AFR,2012,53.43140841,38.190486057,84.773687434
485214,MDG_0000000007,UNSDG_WESTERNASIA,,2015,24.694282785,22.968797065,26.576992822
485474,MDG_0000000007,BFA,AFR,2010,121.52054447,109.723110288,134.804543131
487313,MDG_0000000007,PRY,AMR,2012,21.76534221,13.313044543,36.214567716
488060,MDG_0000000007,PRT,EUR,2011,3.730853432,3.587386026,3.875398352
488796,MDG_0000000007,CHL,AMR,2011,8.569592819,8.384223133,8.76226233
493166,MDG_0000000007,MAR,EMR,2019,16.430928776,11.450786764,22.764271339
494452,MDG_0000000007,LTU,EUR,2018,4.22831895,3.907400622,4.575242678
498443,MDG_0000000007,BGR,EUR,2016,7.701155495,7.433403149,7.973528666
499442,MDG_0000000007,NPL,SEAR,2011,54.246823089,48.142169733,60.798493861
500006,MDG_0000000007,BRN,WPR,2012,9.871995032,9.208196832,10.550738824
503041,MDG_0000000007,BRA,AMR,2010,28.105324366,23.78070086,32.630623248
504151,MDG_0000000007,TCD,AFR,2011,152.564955446,132.93689375,174.670506445
505157,MDG_0000000007,JOR,EMR,2013,19.06425409,15.976856686,22.826542719
506579,MDG_0000000007,MAR,EMR,2014,28.844473881,22.825504762,35.825645208
506636,MDG_0000000007,UNSDG_NORTHAFR,,2019,29.957248079,25.339284818,36.223027743
507856,MDG_0000000007,WSM,WPR,2011,19.245420081,16.804409781,21.980784177
509892,MDG_0000000007,MWI,AFR,2014,68.239792547,58.088936579,79.407284446
510127,MDG_0000000007,COG,AFR,2010,62.522565844,53.424797226,72.401396613
513094,MDG_0000000007,TCD,AFR,2018,111.657249071,86.70223006,142.483685657
514842,MDG_0000000007,MWI,AFR,2011,72.254513192,63.843108976,81.46307931
515688,MDG_0000000007,ESP,EUR,2017,3.234318734,3.167621807,3.303417022
517970,MDG_0000000007,IRQ,EMR,2013,37.362059875,31.051371319,44.893352332
518573,MDG_0000000007,PRY,AMR,2018,20.071584937,10.866849748,37.772062192
520048,MDG_0000000007,GHA,AFR,2019,44.433489577,38.588340816,51.100842557
521647,MDG_0000000007,TLS,SEAR,2013,77.239920512,61.865803083,93.216731924
521903,MDG_0000000007,UNSDG_OCEANIAexAUSNZL,,2010,51.669445966,44.787342838,59.858206501
523075,MDG_0000000007,ZWE,AFR,2016,58.764764203,49.626724376,68.955386649
523079,MDG_0000000007,RWA,AFR,2014,46.252340558,37.985994889,55.912461587
523993,MDG_0000000007,DZA,AFR,2014,24.61025131,22.198207792,27.073404609
524112,MDG_0000000007,TGO,AFR,2014,78.090872308,69.238765737,88.502885771
524335,MDG_0000000007,JOR,EMR,2017,15.735739926,12.834628982,19.557892185
525507,MDG_0000000007,BLR,EUR,2016,2.632542361,1.941980281,3.468349669
527425,MDG_0000000007,ARM,EUR,2018,12.711482541,10.60071981,14.989745542
527540,MDG_0000000007,URY,AMR,2012,10.041417895,9.70831451,10.379142946
533627,MDG_0000000007,CYP,EUR,2014,2.908715282,2.579296077,3.254005568
534948,MDG_0000000007,UNSDG_CENTRALASIASOUTHERNASIA,,2017,42.674038832,40.910225375,44.617784161
535760,MDG_0000000007,NPL,SEAR,2016,42.594588981,37.024597015,48.826016555
536189,MDG_0000000007,UNICEFREGIONMENA,,2015,24.215219859,22.554201245,26.28712592
537306,MDG_0000000007,CAN,AMR,2012,5.573258516,5.482857727,5.670324479
537948,MDG_0000000007,COM,AFR,2017,59.964535113,46.491672197,74.186691921
538710,MDG_0000000007,CMR,AFR,2019,92.580208772,76.256884211,112.046412159
541173,MDG_0000000007,SVK,EUR,2018,5.960157163,5.73421205,6.179756393
543737,MDG_0000000007,SSD,AFR,2015,236.526578516,125.38065529,397.857635232
543881,MDG_0000000007,UNICEFREGIONNA,,2018,6.418672138,6.317175741,6.518174617
544296,MDG_0000000007,UNICEF_ROSA,,2019,40.879641844,38.634833754,43.345585354
544612,MDG_0000000007,WSM,WPR,2016,18.325914949,14.87087077,22.801233885
545147,MDG_0000000007,CMR,AFR,2012,61.076673967,52.635835839,70.367127136
548020,MDG_0000000007,MDG,AFR,2011,83.013058258,72.536691654,94.7259855
548040,MDG_0000000007,UKR,EUR,2017,8.895713862,8.614426683,9.199265393
548208,MDG_0000000007,WB_LI,,2011,97.169925286,91.958768995,105.360178591
548950,MDG_0000000007,ARG,AMR,2011,15.242325155,13.246751898,17.342829244
550519,MDG_0000000007,AUT,EUR,2017,3.593804476,3.450536208,3.742885957
551385,MDG_0000000007,NPL,SEAR,2019,19.180884368,15.44261713,23.640138923
553187,MDG_0000000007,PNG,WPR,2015,58.579355107,44.550241639,75.619525546
554060,MDG_0000000007,UNSDG_SIDS,,2019,39.905928778,35.205121795,46.667926944
559894,MDG_0000000007,BRA,AMR,2011,17.86464221,17.477657651,18.263614444
560002,MDG_0000000007,IND,SEAR,2017,31.232890077,27.787377239,34.993752987
560094,MDG_0000000007,SWE,EUR,2014,2.903658295,2.796077072,3.019774709
562587,MDG_0000000007,ZAF,AFR,2019,39.039381494,33.649754826,44.707260405
563457,MDG_0000000007,TON,WPR,2010,13.291203621,11.020402392,15.887024277
563550,MDG_0000000007,UNSDG_SUBSAHARANAFRICA,,2017,85.075297872,79.754617737,93.904823101
564087,MDG_0000000007,KGZ,EUR,2018,21.73454995,19.152907823,24.483427115
564376,MDG_0000000007,PNG,WPR,2018,32.447371704,21.564117057,47.438706599
564488,MDG_0000000007,LBR,AFR,2012,106.128502764,91.885573351,121.994367563
564505,MDG_0000000007,LBY,EMR,2015,13.329439124,9.714643846,18.162510225
564765,MDG_0000000007,LSO,AFR,2017,55.468303889,45.154734677,67.655695284
565669,MDG_0000000007,HTI,AMR,2018,66.434084388,51.569247094,86.856476172
566292,MDG_0000000007,MEX,AMR,2014,16.778767779,15.980484023,17.771315256
567087,MDG_0000000007,TKM,EUR,2015,36.799121276,28.021624537,47.727012596
567340,MDG_0000000007,TKM,EUR,2013,42.974893117,33.648203569,55.029737549
567547,MDG_0000000007,MNG,WPR,2014,28.714664417,25.256131848,32.475254507
567714,MDG_0000000007,GMB,AFR,2016,59.847627326,50.568598782,70.096698409
568622,MDG_0000000007,MHL,WPR,2019,31.925278912,20.418722147,49.829385735
572365,MDG_0000000007,ZAF,AFR,2012,36.701820463,31.14786859,42.951299527
580019,MDG_0000000007,IRL,EUR,2013,3.868645755,3.70089884,4.049935488
580146,MDG_0000000007,ARG,AMR,2015,15.788683835,13.188217671,18.634538658
580438,MDG_0000000007,KAZ,EUR,2011,15.867835752,13.464861762,18.401295528
581204,MDG_0000000007,DOM,AMR,2016,35.488617517,29.179230854,42.890587897
581602,MDG_0000000007,COL,AMR,2012,16.995108618,14.224164737,20.190937691
583497,MDG_0000000007,SRB,EUR,2019,6.247826064,5.381562392,7.149421554
584654,MDG_0000000007,VUT,WPR,2012,17.474688583,13.832079117,21.740023873
585346,MDG_0000000007,AMR,,2017,14.567107044,14.16319724,15.146882051
586715,MDG_0000000007,ZMB,AFR,2012,66.19322982,58.461866873,74.701072818
587223,MDG_0000000007,MLI,AFR,2010,131.554585785,117.366935071,147.229685866
588156,MDG_0000000007,PRT,EUR,2013,3.64985871,3.506747789,3.794340066
589279,MDG_0000000007,CRI,AMR,2010,10.481972446,10.224295208,10.753633056
591828,MDG_0000000007,TUN,EMR,2011,23.185723855,19.261409603,27.424583894
