SpatialDim,ParentLocation,TimeDim,PM25_mean,PM25_lower_CI,PM25_upper_CI
202,,2010,31.79272,24.56158,41.63795
202,,2011,32.11836,24.84744,42.02667
202,,2012,32.52763,25.17765,42.60997
202,,2013,31.71878,24.43323,41.38021
202,,2014,32.01954,24.71232,41.8947
202,,2015,33.62414,26.02509,43.99263
202,,2016,33.60248,25.9319,43.93473
202,,2017,33.39716,25.83645,43.70604
202,,2018,33.14215,25.6133,43.24276
202,,2019,32.69679,25.12191,42.47457
419,,2010,17.97146,16.71219,19.09285
419,,2011,18.35907,17.36523,19.42948
419,,2012,17.7784,16.59584,18.68428
419,,2013,18.01339,16.97718,19.15099
419,,2014,17.57599,16.61323,18.46667
419,,2015,17.25153,16.16178,18.20798
419,,2016,16.95964,16.05439,18.09782
419,,2017,17.36015,16.34587,18.55757
419,,2018,15.45388,14.60837,16.38204
419,,2019,14.9579,14.04134,15.9998
513,,2010,13.69349,13.21027,14.20196
513,,2011,13.6621,13.22202,14.11614
513,,2012,12.64094,12.27399,13.00531
513,,2013,12.29875,11.89401,12.73069
513,,2014,11.97128,11.55353,12.44834
513,,2015,11.63735,11.30641,12.05762
513,,2016,10.70538,10.37504,11.07562
513,,2017,10.84737,10.53511,11.23554
513,,2018,11.13306,10.82508,11.47686
513,,2019,10.04155,9.71614,10.38357
53,,2010,9.08553,8.20803,9.96028
53,,2011,8.15176,7.36955,8.76504
53,,2012,7.37259,6.93893,7.84186
53,,2013,7.29631,6.93373,7.61962
53,,2014,6.95679,6.65374,7.19512
53,,2015,6.65513,6.38013,6.93692
53,,2016,6.70996,6.4216,7.00485
53,,2017,6.92783,6.60128,7.26086
53,,2018,7.16285,6.762,7.56213
53,,2019,8.88227,8.57049,9.20649
543,,2010,8.31275,3.21316,17.55835
543,,2011,8.03704,3.26408,18.06838
543,,2012,8.1255,3.23345,18.30424
543,,2013,8.14817,3.09618,18.13859
543,,2014,8.15123,3.27495,17.80158
543,,2015,8.6194,3.58258,18.32838
543,,2016,8.42052,3.44882,18.14097
543,,2017,8.56436,3.45548,18.12342
543,,2018,8.63677,3.39575,18.14949
543,,2019,8.58667,3.57468,18.0253
62,,2010,52.9542,48.20049,57.52028
62,,2011,52.96619,50.06429,55.58823
62,,2012,53.65272,51.45487,55.9736
62,,2013,55.82597,52.81759,58.56765
62,,2014,53.5476,50.88921,56.27854
62,,2015,53.21841,50.72365,55.74703
62,,2016,50.96171,48.52467,53.70082
62,,2017,49.34969,47.00556,51.72123
62,,2018,53.34119,50.74024,55.94231
62,,2019,48.30671,46.17471,50.67482
747,,2010,35.18342,30.13345,41.00821
747,,2011,35.07014,29.93653,40.72673
747,,2012,35.56683,30.43085,41.35209
747,,2013,35.46949,30.42883,41.45521
747,,2014,34.86758,29.9448,40.80531
747,,2015,35.83268,30.80543,41.94906
747,,2016,35.53558,30.53781,41.60651
747,,2017,35.94769,30.89211,42.15714
747,,2018,36.10581,31.06338,42.3843
747,,2019,35.94189,30.86498,42.29315
753,,2010,38.21828,36.45383,39.85841
753,,2011,40.73898,36.30338,45.73528
753,,2012,41.85703,37.67975,45.52277
753,,2013,49.52913,47.29313,51.57485
753,,2014,42.73972,41.11013,44.32297
753,,2015,40.4442,38.89145,41.93837
753,,2016,38.23954,36.77331,39.63836
753,,2017,36.9875,35.63405,38.21717
753,,2018,32.82319,31.62344,33.95021
753,,2019,31.55598,30.38555,32.49792
AFG,Eastern Mediterranean,2010,68.96605,49.48253,96.51297
AFG,Eastern Mediterranean,2011,66.94454,48.90072,92.61683
AFG,Eastern Mediterranean,2012,68.25744,49.59602,94.01766
AFG,Eastern Mediterranean,2013,72.18289,52.57123,99.66944
AFG,Eastern Mediterranean,2014,68.05715,49.35964,93.42773
AFG,Eastern Mediterranean,2015,67.2032,49.04869,92.66884
AFG,Eastern Mediterranean,2016,64.00314,46.00713,87.23201
AFG,Eastern Mediterranean,2017,61.77561,44.80775,85.24496
AFG,Eastern Mediterranean,2018,70.25405,50.6232,97.14645
AFG,Eastern Mediterranean,2019,62.48616,45.0385,86.46475
AFR,,2010,31.55601,24.7638,41.01253
AFR,,2011,31.88515,25.05364,41.39494
AFR,,2012,32.33243,25.45346,42.00259
AFR,,2013,31.48955,24.63107,40.78082
AFR,,2014,31.84252,24.99303,41.33236
AFR,,2015,33.39974,26.27522,43.36559
AFR,,2016,33.40155,26.21019,43.44526
AFR,,2017,33.21602,26.13107,43.12698
AFR,,2018,32.94913,25.86876,42.66367
AFR,,2019,32.52097,25.38894,41.93688
AGO,Africa,2010,24.1984,6.16704,65.55157
AGO,Africa,2011,24.67357,6.18201,67.98953
AGO,Africa,2012,24.0083,6.12695,65.44965
AGO,Africa,2013,24.53186,6.11282,68.8831
AGO,Africa,2014,24.11941,6.0244,68.29617
AGO,Africa,2015,25.03078,6.02896,73.13954
AGO,Africa,2016,26.0812,6.00523,80.35371
AGO,Africa,2017,25.44195,5.89409,78.84233
AGO,Africa,2018,25.85236,5.83872,82.45705
AGO,Africa,2019,27.16477,5.8472,89.90965
ALB,Europe,2010,21.9487,19.82468,24.69097
ALB,Europe,2011,22.9965,20.5653,25.74749
ALB,Europe,2012,21.70175,19.51096,24.28359
ALB,Europe,2013,19.77038,17.95276,22.19475
ALB,Europe,2014,19.13142,17.33539,21.32077
ALB,Europe,2015,18.98271,17.17095,21.22888
ALB,Europe,2016,18.14981,16.41937,20.18189
ALB,Europe,2017,19.00622,17.2217,21.11586
ALB,Europe,2018,19.75808,17.96853,21.90301
ALB,Europe,2019,16.27997,14.73426,18.20503
AMR,,2010,14.74427,13.96488,15.47034
AMR,,2011,15.02574,14.43077,15.69373
AMR,,2012,14.56347,13.8266,15.13937
AMR,,2013,14.60512,13.96276,15.3076
AMR,,2014,14.28605,13.64871,14.83327
AMR,,2015,13.97896,13.26343,14.59902
AMR,,2016,13.51915,12.9471,14.25459
AMR,,2017,13.9361,13.2816,14.70507
AMR,,2018,12.78496,12.24686,13.37841
AMR,,2019,12.13756,11.567,12.79998
AND,Europe,2010,11.42903,10.06889,13.4325
AND,Europe,2011,11.66004,10.24671,13.6923
AND,Europe,2012,10.79727,9.4372,12.70609
AND,Europe,2013,10.14877,8.87914,11.93458
AND,Europe,2014,9.34741,8.22862,11.0447
AND,Europe,2015,9.94171,8.72074,11.68
AND,Europe,2016,9.06227,7.93061,10.709
AND,Europe,2017,9.30733,8.1587,10.97015
AND,Europe,2018,9.21394,8.08418,10.84639
AND,Europe,2019,8.52423,7.4929,10.05173
ARE,Eastern Mediterranean,2010,43.70844,37.39184,52.89176
ARE,Eastern Mediterranean,2011,43.53498,37.22031,52.54435
ARE,Eastern Mediterranean,2012,43.93421,37.5329,53.25588
ARE,Eastern Mediterranean,2013,42.88311,36.59595,51.69864
ARE,Eastern Mediterranean,2014,41.33546,35.22762,49.58349
ARE,Eastern Mediterranean,2015,43.92792,37.58848,53.4101
ARE,Eastern Mediterranean,2016,42.88604,36.71036,51.86847
ARE,Eastern Mediterranean,2017,43.32676,37.09711,52.5681
ARE,Eastern Mediterranean,2018,43.09622,36.91678,52.28174
ARE,Eastern Mediterranean,2019,41.7495,35.66267,50.29273
ARG,Americas,2010,13.13748,9.67834,17.12469
ARG,Americas,2011,13.22056,9.9567,17.16817
ARG,Americas,2012,12.94834,9.27401,16.52597
ARG,Americas,2013,14.01846,10.46776,18.07181
ARG,Americas,2014,13.56491,10.2255,17.6057
ARG,Americas,2015,14.18288,10.46107,18.33166
ARG,Americas,2016,13.93109,10.47123,18.20022
ARG,Americas,2017,13.23692,9.73961,17.76179
ARG,Americas,2018,12.60073,9.09922,16.67906
ARG,Americas,2019,12.04087,8.91674,15.56759
ARM,Europe,2010,40.89928,28.63088,57.4707
ARM,Europe,2011,46.45905,32.91418,67.81555
ARM,Europe,2012,45.89738,31.89633,68.07713
ARM,Europe,2013,42.84965,30.87923,60.03945
ARM,Europe,2014,40.55938,29.41124,57.64745
ARM,Europe,2015,40.58537,30.19027,56.60687
ARM,Europe,2016,40.0427,28.37958,58.57903
ARM,Europe,2017,37.75576,28.16697,55.16226
ARM,Europe,2018,37.0863,28.54354,51.35327
ARM,Europe,2019,34.12674,24.44218,47.09907
ATG,Americas,2010,8.16597,5.29781,12.09069
ATG,Americas,2011,7.79362,5.18979,11.62903
ATG,Americas,2012,8.19812,5.82585,11.90217
ATG,Americas,2013,8.05258,5.51049,11.45561
ATG,Americas,2014,8.49694,5.92706,11.8367
ATG,Americas,2015,8.89159,6.03408,12.30669
ATG,Americas,2016,8.9538,6.03262,13.15228
ATG,Americas,2017,9.26532,6.48624,13.63168
ATG,Americas,2018,8.86972,6.11885,13.04637
ATG,Americas,2019,8.29693,5.71614,11.53945
AUS,Western Pacific,2010,9.03381,8.13535,9.93322
AUS,Western Pacific,2011,8.0759,7.30178,8.67811
AUS,Western Pacific,2012,7.31418,6.81772,7.84952
AUS,Western Pacific,2013,7.25562,6.85574,7.62506
AUS,Western Pacific,2014,6.91137,6.5992,7.16662
AUS,Western Pacific,2015,6.6018,6.30652,6.93227
AUS,Western Pacific,2016,6.6731,6.37029,7.02443
AUS,Western Pacific,2017,6.88756,6.54799,7.21251
AUS,Western Pacific,2018,7.10973,6.7098,7.53479
AUS,Western Pacific,2019,8.93323,8.60817,9.27335
AUT,Europe,2010,15.62129,15.20373,16.03745
AUT,Europe,2011,15.98621,15.59216,16.49424
AUT,Europe,2012,14.24784,13.85472,14.70528
AUT,Europe,2013,13.98012,13.593,14.42503
AUT,Europe,2014,12.98472,12.66246,13.4055
AUT,Europe,2015,13.62845,13.28801,14.05768
AUT,Europe,2016,12.27973,11.93706,12.68196
AUT,Europe,2017,12.31771,12.00417,12.67862
AUT,Europe,2018,12.67567,12.37275,13.0899
AUT,Europe,2019,11.50796,11.19759,11.87887
AZE,Europe,2010,30.1081,14.87964,51.80972
AZE,Europe,2011,33.92017,18.77048,55.05808
AZE,Europe,2012,33.58166,17.68231,54.94222
AZE,Europe,2013,31.35332,18.23163,51.63799
AZE,Europe,2014,29.929,17.09147,46.57446
AZE,Europe,2015,29.66727,16.39696,49.72416
AZE,Europe,2016,28.84057,16.23242,45.55726
AZE,Europe,2017,27.47704,15.26123,43.11614
AZE,Europe,2018,26.96124,15.43623,42.1727
AZE,Europe,2019,24.64286,13.74471,37.53818
BDI,Africa,2010,27.83957,10.72562,60.64909
BDI,Africa,2011,27.69889,10.76744,60.30953
BDI,Africa,2012,28.28679,10.77185,61.6126
BDI,Africa,2013,28.2065,10.8105,61.46378
BDI,Africa,2014,28.28168,10.84213,61.61383
BDI,Africa,2015,28.3709,10.8674,61.82419
BDI,Africa,2016,28.36512,10.90896,61.8043
BDI,Africa,2017,27.63488,10.983,60.13822
BDI,Africa,2018,27.98169,11.01157,60.89815
BDI,Africa,2019,27.99587,11.05398,60.89269
BEL,Europe,2010,16.07608,15.49671,16.62916
BEL,Europe,2011,16.2887,15.73583,16.87692
BEL,Europe,2012,14.64482,14.11652,15.14209
BEL,Europe,2013,14.41417,13.96129,14.93697
BEL,Europe,2014,13.12651,12.69545,13.57019
BEL,Europe,2015,13.27885,12.81625,13.71733
BEL,Europe,2016,12.36674,11.94126,12.75846
BEL,Europe,2017,12.32764,11.89874,12.72787
BEL,Europe,2018,12.16104,11.75024,12.57806
BEL,Europe,2019,11.25612,10.86502,11.61927
BEN,Africa,2010,30.97376,20.25751,47.00889
BEN,Africa,2011,31.36923,20.34707,47.16818
BEN,Africa,2012,31.84715,20.42336,48.03344
BEN,Africa,2013,30.8411,20.30911,46.33255
BEN,Africa,2014,31.14171,20.38918,47.15877
BEN,Africa,2015,33.10973,20.60392,49.94812
BEN,Africa,2016,32.72527,20.63748,49.52052
BEN,Africa,2017,32.66209,20.66597,49.35632
BEN,Africa,2018,32.33744,20.68534,48.67599
BEN,Africa,2019,31.51453,20.61807,47.26878
BFA,Africa,2010,41.29936,16.22436,92.76271
BFA,Africa,2011,40.39413,16.23129,90.24745
BFA,Africa,2012,41.16909,16.32265,92.25567
BFA,Africa,2013,38.51253,16.1966,85.32038
BFA,Africa,2014,40.01653,16.3214,89.34528
BFA,Africa,2015,43.63248,16.72865,99.32209
BFA,Africa,2016,43.05181,16.66077,97.72337
BFA,Africa,2017,42.74336,16.60436,96.92304
BFA,Africa,2018,41.76688,16.59944,94.19021
BFA,Africa,2019,40.74491,16.57396,91.48408
BGD,South-East Asia,2010,49.42935,43.01075,56.00201
BGD,South-East Asia,2011,49.96579,45.04827,55.15341
BGD,South-East Asia,2012,50.8172,46.02346,55.91933
BGD,South-East Asia,2013,52.86825,47.75843,57.96684
BGD,South-East Asia,2014,50.96257,46.10955,56.05903
BGD,South-East Asia,2015,50.62575,45.48405,55.38021
BGD,South-East Asia,2016,47.77741,43.26912,52.87175
BGD,South-East Asia,2017,46.18553,41.55117,50.85063
BGD,South-East Asia,2018,50.66434,45.61072,55.9308
BGD,South-East Asia,2019,45.98906,41.64632,51.00336
BGR,Europe,2010,23.87244,22.71894,25.02026
BGR,Europe,2011,24.29317,23.14418,25.55143
BGR,Europe,2012,22.21629,21.11547,23.33725
BGR,Europe,2013,21.16338,20.18781,22.29546
BGR,Europe,2014,21.16684,20.20967,22.21032
BGR,Europe,2015,20.41206,19.51418,21.558
BGR,Europe,2016,19.62786,18.73674,20.6808
BGR,Europe,2017,20.30481,19.32013,21.26383
BGR,Europe,2018,20.39639,19.36919,21.42289
BGR,Europe,2019,17.29031,16.53617,18.20649
BHR,Eastern Mediterranean,2010,55.87221,49.02154,62.43982
BHR,Eastern Mediterranean,2011,54.68996,48.21415,60.9224
BHR,Eastern Mediterranean,2012,54.40328,48.04139,60.6187
BHR,Eastern Mediterranean,2013,52.80459,46.76694,59.04012
BHR,Eastern Mediterranean,2014,50.11634,44.31294,55.38984
BHR,Eastern Mediterranean,2015,56.37947,49.48241,63.07874
BHR,Eastern Mediterranean,2016,52.90089,46.87084,59.14804
BHR,Eastern Mediterranean,2017,54.71749,48.3215,60.97829
BHR,Eastern Mediterranean,2018,54.49085,48.17091,60.76116
BHR,Eastern Mediterranean,2019,51.81722,45.87671,57.65585
BHS,Americas,2010,4.96926,3.48193,7.04126
BHS,Americas,2011,4.91879,3.50297,7.48349
BHS,Americas,2012,5.28044,3.78633,7.9862
BHS,Americas,2013,5.07954,3.68935,7.08999
BHS,Americas,2014,5.31808,3.87092,7.48432
BHS,Americas,2015,5.32066,3.89478,7.79033
BHS,Americas,2016,5.55845,4.09215,7.72095
BHS,Americas,2017,5.80244,4.15509,8.30165
BHS,Americas,2018,5.61226,4.18131,7.70159
BHS,Americas,2019,5.19903,3.76537,7.04513
BIH,Europe,2010,34.91059,32.26172,38.48209
BIH,Europe,2011,36.5729,34.11369,40.21894
BIH,Europe,2012,34.05842,31.39425,37.21229
BIH,Europe,2013,31.48972,28.85099,34.65585
BIH,Europe,2014,32.07207,29.56224,35.33261
BIH,Europe,2015,30.73886,28.34785,34.0028
BIH,Europe,2016,29.70925,27.37463,32.604
BIH,Europe,2017,31.40318,28.81131,34.36224
BIH,Europe,2018,32.0164,29.54042,35.03763
BIH,Europe,2019,26.19402,24.23331,28.66775
BLR,Europe,2010,19.90926,16.58192,22.07594
BLR,Europe,2011,18.10344,15.66589,20.38593
BLR,Europe,2012,17.35394,15.32902,19.93063
BLR,Europe,2013,17.94123,15.55657,20.14824
BLR,Europe,2014,18.76572,16.13702,22.07441
BLR,Europe,2015,16.49174,14.11062,18.84106
BLR,Europe,2016,14.7773,12.57031,16.91396
BLR,Europe,2017,14.36545,12.08945,16.53841
BLR,Europe,2018,16.08948,13.86915,18.39727
BLR,Europe,2019,15.48201,13.25131,17.70501
BLZ,Americas,2010,9.91087,4.10912,20.14463
BLZ,Americas,2011,9.80176,4.04398,19.96364
BLZ,Americas,2012,10.17558,4.02518,20.07505
BLZ,Americas,2013,10.24834,4.01232,20.04129
BLZ,Americas,2014,10.79746,4.16212,21.2438
BLZ,Americas,2015,11.0954,4.21514,22.65034
BLZ,Americas,2016,11.10206,4.47094,21.96023
BLZ,Americas,2017,11.36383,4.79684,22.56754
BLZ,Americas,2018,10.90041,4.59571,20.92438
BLZ,Americas,2019,10.50946,4.32671,20.50485
BOL,Americas,2010,28.03159,20.0763,38.65093
BOL,Americas,2011,25.82634,18.17856,35.96765
BOL,Americas,2012,26.2593,18.59113,37.96269
BOL,Americas,2013,26.52307,18.12649,37.51853
BOL,Americas,2014,27.47979,20.11819,37.70195
BOL,Americas,2015,26.50242,18.67646,37.49584
BOL,Americas,2016,26.40407,18.00563,35.80453
BOL,Americas,2017,24.17303,16.59295,32.27301
BOL,Americas,2018,24.63357,17.37389,34.31382
BOL,Americas,2019,25.23416,16.40576,36.37403
BRA,Americas,2010,14.59709,12.4131,17.34789
BRA,Americas,2011,14.88721,12.86226,17.89803
BRA,Americas,2012,14.13799,12.0411,16.75962
BRA,Americas,2013,13.15358,11.38615,15.60961
BRA,Americas,2014,13.29311,11.52983,15.66098
BRA,Americas,2015,12.04713,10.46009,14.25813
BRA,Americas,2016,11.99646,10.33625,14.29787
BRA,Americas,2017,14.86497,12.81992,17.84735
BRA,Americas,2018,11.15102,9.64175,13.05544
BRA,Americas,2019,10.94008,9.3741,13.01441
BRB,Americas,2010,9.1456,6.11838,13.56944
BRB,Americas,2011,9.04454,6.23135,13.28705
BRB,Americas,2012,9.60352,6.9312,14.27154
BRB,Americas,2013,9.31516,6.32929,13.54416
BRB,Americas,2014,9.94912,6.70677,14.11165
BRB,Americas,2015,10.52567,7.12404,15.93849
BRB,Americas,2016,10.34492,6.91521,15.38457
BRB,Americas,2017,10.90575,7.71586,15.83205
BRB,Americas,2018,10.35542,7.14392,14.8283
BRB,Americas,2019,9.78987,6.90042,13.99169
BRN,Western Pacific,2010,8.33369,7.05794,10.05771
BRN,Western Pacific,2011,8.41756,7.0391,10.27199
BRN,Western Pacific,2012,7.61957,6.36116,9.31945
BRN,Western Pacific,2013,8.07865,6.79246,9.80436
BRN,Western Pacific,2014,8.01761,6.71346,9.7765
BRN,Western Pacific,2015,7.81317,6.53291,9.47028
BRN,Western Pacific,2016,7.91286,6.54127,9.60425
BRN,Western Pacific,2017,7.02539,5.93461,8.41194
BRN,Western Pacific,2018,6.69525,5.56211,8.131
BRN,Western Pacific,2019,6.86475,5.76094,8.32463
BTN,South-East Asia,2010,29.51405,25.86271,32.77781
BTN,South-East Asia,2011,29.08522,26.08069,32.07855
BTN,South-East Asia,2012,30.02531,26.93064,32.89039
BTN,South-East Asia,2013,30.6965,27.53521,33.50265
BTN,South-East Asia,2014,29.72429,26.71202,32.72455
BTN,South-East Asia,2015,29.04297,26.07037,31.83945
BTN,South-East Asia,2016,27.62854,24.76425,30.62699
BTN,South-East Asia,2017,26.49072,23.65901,29.0375
BTN,South-East Asia,2018,28.72968,25.76962,31.56663
BTN,South-East Asia,2019,26.09506,23.4566,28.80964
BWA,Africa,2010,14.13807,9.41925,20.68874
BWA,Africa,2011,13.68966,9.46153,20.03069
BWA,Africa,2012,12.99973,9.22319,19.17694
BWA,Africa,2013,12.80619,9.22527,18.87283
BWA,Africa,2014,12.77959,9.25015,18.72106
BWA,Africa,2015,12.88574,9.29275,19.00986
BWA,Africa,2016,12.68932,9.17409,18.47088
BWA,Africa,2017,13.11235,9.34494,19.29857
BWA,Africa,2018,12.94709,9.31037,19.07371
BWA,Africa,2019,12.8184,9.27155,18.77656
CAF,Africa,2010,27.86686,6.13014,77.14665
CAF,Africa,2011,28.59072,6.10495,80.24216
CAF,Africa,2012,27.84438,6.12263,76.80189
CAF,Africa,2013,26.61987,6.12019,71.85713
CAF,Africa,2014,27.61422,6.11579,76.35747
CAF,Africa,2015,29.06455,6.11611,82.39913
CAF,Africa,2016,29.15016,6.12621,82.35242
CAF,Africa,2017,27.93652,6.14729,77.57
CAF,Africa,2018,28.25056,6.13076,79.54117
CAF,Africa,2019,27.19802,6.12391,74.78985
CAN,Americas,2010,7.76265,7.55266,7.95774
CAN,Americas,2011,7.8737,7.67397,8.08056
CAN,Americas,2012,7.70689,7.50569,7.92353
CAN,Americas,2013,7.40761,7.19269,7.60694
CAN,Americas,2014,7.29134,7.06429,7.4959
CAN,Americas,2015,7.15364,6.97386,7.36702
CAN,Americas,2016,6.30748,6.1203,6.49844
CAN,Americas,2017,6.89968,6.69014,7.11228
CAN,Americas,2018,7.09267,6.89513,7.28893
CAN,Americas,2019,6.38944,6.21184,6.58921
CHE,Europe,2010,12.7588,12.45266,13.08182
CHE,Europe,2011,13.00391,12.67861,13.34542
CHE,Europe,2012,11.73932,11.4352,12.06579
CHE,Europe,2013,11.383,11.09542,11.73886
CHE,Europe,2014,10.50995,10.24479,10.81245
CHE,Europe,2015,10.81907,10.53169,11.12991
CHE,Europe,2016,9.98995,9.72104,10.31642
CHE,Europe,2017,9.88915,9.6313,10.15164
CHE,Europe,2018,10.01045,9.76644,10.29482
CHE,Europe,2019,8.96682,8.72737,9.22736
CHL,Americas,2010,22.25415,20.30292,24.51945
CHL,Americas,2011,22.50082,20.32126,24.73269
CHL,Americas,2012,22.0063,19.74787,23.92075
CHL,Americas,2013,23.82929,22.21099,25.54284
CHL,Americas,2014,23.14193,21.48914,24.68249
CHL,Americas,2015,24.15233,22.61198,25.59267
CHL,Americas,2016,23.74832,22.41596,25.50076
CHL,Americas,2017,22.69373,19.39431,26.33462
CHL,Americas,2018,21.46726,18.76713,24.24314
CHL,Americas,2019,20.48648,19.30897,21.88552
CHN,Western Pacific,2010,47.18253,44.59471,49.37545
CHN,Western Pacific,2011,51.9203,45.84776,59.44553
CHN,Western Pacific,2012,53.43098,46.71133,59.15378
CHN,Western Pacific,2013,64.92525,61.42609,67.88103
CHN,Western Pacific,2014,55.40258,52.78395,57.50008
CHN,Western Pacific,2015,51.76256,49.64072,53.54079
CHN,Western Pacific,2016,47.61291,45.75419,49.3504
CHN,Western Pacific,2017,46.89996,44.96159,48.35282
CHN,Western Pacific,2018,40.54193,38.85903,41.97225
CHN,Western Pacific,2019,38.153,36.68772,39.42328
CIV,Africa,2010,39.44081,22.40246,67.11949
CIV,Africa,2011,40.74937,22.65184,69.71018
CIV,Africa,2012,41.18663,22.77628,70.50396
CIV,Africa,2013,39.4543,22.43492,67.35093
CIV,Africa,2014,39.55348,22.51316,67.34094
CIV,Africa,2015,43.7615,23.31048,75.37354
CIV,Africa,2016,42.70035,23.1152,73.3188
CIV,Africa,2017,42.12337,23.03024,72.22634
CIV,Africa,2018,41.80919,23.01271,71.62626
CIV,Africa,2019,40.41493,22.75374,68.95625
CMR,Africa,2010,53.5823,36.65366,75.53052
CMR,Africa,2011,54.40143,37.07266,76.8173
CMR,Africa,2012,55.42413,37.53907,78.82983
CMR,Africa,2013,53.04467,36.93417,73.58737
CMR,Africa,2014,53.82225,37.32844,75.19802
CMR,Africa,2015,59.08734,39.2026,85.56132
CMR,Africa,2016,59.19735,39.44447,85.73857
CMR,Africa,2017,59.29862,39.58753,85.7222
CMR,Africa,2018,57.80493,39.36504,83.20191
CMR,Africa,2019,56.36692,39.06441,79.81277
COD,Africa,2010,31.83993,7.08997,101.1873
COD,Africa,2011,31.62003,7.07496,100.09592
COD,Africa,2012,32.14339,7.10835,102.86786
COD,Africa,2013,32.08453,7.13178,103.64235
COD,Africa,2014,31.46924,7.09383,99.24383
COD,Africa,2015,32.20523,7.14265,102.29582
COD,Africa,2016,32.98959,7.18372,106.50362
COD,Africa,2017,31.32414,7.10229,97.99298
COD,Africa,2018,31.46394,7.11562,99.11709
COD,Africa,2019,31.57858,7.13131,99.19326
COG,Africa,2010,30.35857,6.67821,109.47043
COG,Africa,2011,30.49804,6.67088,110.19675
COG,Africa,2012,29.84971,6.62927,105.26006
COG,Africa,2013,29.90465,6.57752,106.29963
COG,Africa,2014,28.64988,6.47212,97.24881
COG,Africa,2015,28.98937,6.45328,98.67905
COG,Africa,2016,30.03266,6.51889,105.94798
COG,Africa,2017,28.76763,6.39227,97.69289
COG,Africa,2018,29.26944,6.42244,100.88085
COG,Africa,2019,29.48397,6.4154,102.37134
COK,Western Pacific,2010,7.45866,2.82072,18.25605
COK,Western Pacific,2011,7.29535,3.09102,18.22571
COK,Western Pacific,2012,7.43088,3.26892,16.66348
COK,Western Pacific,2013,7.43945,3.30831,17.15364
COK,Western Pacific,2014,7.36474,3.2083,16.83613
COK,Western Pacific,2015,7.45319,3.15145,15.44117
COK,Western Pacific,2016,7.62076,3.16522,17.56353
COK,Western Pacific,2017,7.59942,3.07597,17.22568
COK,Western Pacific,2018,7.76376,2.78454,17.3652
COK,Western Pacific,2019,7.80121,3.25406,16.8475
COL,Americas,2010,17.41506,14.58364,20.26944
COL,Americas,2011,17.84735,15.14,20.72984
COL,Americas,2012,17.18047,14.86967,19.89645
COL,Americas,2013,18.07776,15.36034,21.0866
COL,Americas,2014,17.21034,15.10384,19.36302
COL,Americas,2015,17.3316,14.84878,19.90937
COL,Americas,2016,16.90482,14.19541,19.92404
COL,Americas,2017,15.90059,13.66562,18.12395
COL,Americas,2018,14.72127,12.1436,16.82288
COL,Americas,2019,14.03552,11.70359,16.76389
COM,Africa,2010,13.735,7.09424,21.84288
COM,Africa,2011,13.8865,7.16176,22.22646
COM,Africa,2012,14.16312,7.28009,23.06364
COM,Africa,2013,14.0733,7.24737,22.68487
COM,Africa,2014,14.24112,7.32066,23.28017
COM,Africa,2015,14.53778,7.44545,24.38887
COM,Africa,2016,14.15413,7.2935,22.86106
COM,Africa,2017,14.29056,7.35383,23.3463
COM,Africa,2018,14.41939,7.41082,23.80622
COM,Africa,2019,14.3724,7.39556,23.58476
CPV,Africa,2010,28.17148,14.98019,49.69306
CPV,Africa,2011,31.06129,16.51798,56.59063
CPV,Africa,2012,31.92126,16.90444,58.83924
CPV,Africa,2013,30.71544,16.36776,55.74798
CPV,Africa,2014,30.11248,16.08741,54.27568
CPV,Africa,2015,33.37649,17.39168,63.24799
CPV,Africa,2016,31.82663,16.89737,58.25654
CPV,Africa,2017,32.59455,17.17469,60.60027
CPV,Africa,2018,31.19557,16.60968,56.67449
CPV,Africa,2019,31.08072,16.562,56.39456
CRI,Americas,2010,18.34723,15.70891,21.53861
CRI,Americas,2011,19.17703,16.51972,22.58869
CRI,Americas,2012,18.51075,16.01571,21.75597
CRI,Americas,2013,19.14176,16.83236,22.10104
CRI,Americas,2014,18.0355,15.60077,20.97516
CRI,Americas,2015,18.31777,15.71759,21.91936
CRI,Americas,2016,17.8607,15.34735,20.57492
CRI,Americas,2017,17.0471,14.66509,19.73546
CRI,Americas,2018,15.59229,13.77124,18.2455
CRI,Americas,2019,14.69544,12.73385,17.14028
CUB,Americas,2010,13.32336,8.92162,18.48292
CUB,Americas,2011,12.77719,9.07734,18.27593
CUB,Americas,2012,13.71305,9.57713,19.56664
CUB,Americas,2013,13.2396,9.73077,17.92031
CUB,Americas,2014,13.71356,9.87554,18.22297
CUB,Americas,2015,14.16391,10.47203,19.33276
CUB,Americas,2016,14.4658,10.58156,20.34779
CUB,Americas,2017,14.76059,10.71543,20.90546
CUB,Americas,2018,14.28114,10.10405,20.15069
CUB,Americas,2019,13.31979,9.728,19.28258
CYP,Europe,2010,18.5258,16.41898,20.56896
CYP,Europe,2011,17.56798,15.56612,19.50726
CYP,Europe,2012,16.22805,14.40752,18.05363
CYP,Europe,2013,16.11813,14.29896,17.88015
CYP,Europe,2014,14.88171,13.20791,16.51801
CYP,Europe,2015,15.12686,13.38502,16.81761
CYP,Europe,2016,13.67356,12.0871,15.23181
CYP,Europe,2017,14.60062,12.94112,16.16282
CYP,Europe,2018,15.38302,13.70266,17.16801
CYP,Europe,2019,14.51621,12.8623,16.16408
CZE,Europe,2010,20.24895,19.56009,20.90278
CZE,Europe,2011,20.80231,20.19722,21.40325
CZE,Europe,2012,18.80054,18.26341,19.46184
CZE,Europe,2013,18.07482,17.56132,18.61777
CZE,Europe,2014,18.27818,17.75865,18.87418
CZE,Europe,2015,17.5159,16.97963,18.00046
CZE,Europe,2016,16.62194,16.14598,17.15723
CZE,Europe,2017,16.99135,16.60592,17.51063
CZE,Europe,2018,17.50349,17.10544,18.0366
CZE,Europe,2019,14.34125,13.95964,14.79007
DEU,Europe,2010,15.05866,14.81127,15.33349
DEU,Europe,2011,15.41786,15.13978,15.6973
DEU,Europe,2012,13.75633,13.52399,13.97429
DEU,Europe,2013,13.26872,13.0488,13.49007
DEU,Europe,2014,12.47156,12.25233,12.66096
DEU,Europe,2015,12.64463,12.43664,12.83821
DEU,Europe,2016,11.65641,11.46759,11.85068
DEU,Europe,2017,11.77804,11.58353,11.97988
DEU,Europe,2018,11.69647,11.50615,11.89776
DEU,Europe,2019,10.73096,10.56385,10.9266
DJI,Eastern Mediterranean,2010,20.58046,7.72472,43.47329
DJI,Eastern Mediterranean,2011,20.825,7.69446,44.30809
DJI,Eastern Mediterranean,2012,21.15661,7.65601,45.4185
DJI,Eastern Mediterranean,2013,20.71166,7.68731,43.98085
DJI,Eastern Mediterranean,2014,20.00309,7.74551,41.67919
DJI,Eastern Mediterranean,2015,20.38808,7.69829,42.97678
DJI,Eastern Mediterranean,2016,20.4687,7.68239,43.26661
DJI,Eastern Mediterranean,2017,20.89987,7.63318,44.68573
DJI,Eastern Mediterranean,2018,20.38832,7.6719,43.03289
DJI,Eastern Mediterranean,2019,19.98484,7.70165,41.72747
DMA,Americas,2010,7.86285,5.11058,11.45769
DMA,Americas,2011,7.69866,5.15198,11.88909
DMA,Americas,2012,8.1195,5.65602,12.25717
DMA,Americas,2013,7.8932,5.52052,11.87712
DMA,Americas,2014,8.35549,5.79915,11.68407
DMA,Americas,2015,8.8134,6.08667,12.74714
DMA,Americas,2016,8.8778,6.03979,13.58682
DMA,Americas,2017,9.23309,6.41459,13.15649
DMA,Americas,2018,8.74675,6.06211,12.59405
DMA,Americas,2019,8.22238,5.7807,12.05088
DNK,Europe,2010,12.26529,11.20607,13.48441
DNK,Europe,2011,12.98285,11.82434,14.32845
DNK,Europe,2012,11.44257,10.47187,12.59488
DNK,Europe,2013,10.96574,9.96609,12.08508
DNK,Europe,2014,10.39104,9.48298,11.48063
DNK,Europe,2015,10.72585,9.78378,11.81336
DNK,Europe,2016,9.77846,8.91201,10.75372
DNK,Europe,2017,9.96918,9.06712,10.99886
DNK,Europe,2018,10.01519,9.11176,11.057
DNK,Europe,2019,9.65653,8.77214,10.69362
DOM,Americas,2010,7.52421,4.62784,11.54817
DOM,Americas,2011,7.04065,4.38227,10.50576
DOM,Americas,2012,7.461,4.91372,10.59754
DOM,Americas,2013,7.21616,4.69338,10.92008
DOM,Americas,2014,7.69651,4.78944,11.31591
DOM,Americas,2015,7.87327,4.92256,11.53059
DOM,Americas,2016,8.01817,5.05122,11.72361
DOM,Americas,2017,8.32237,5.16301,12.22692
DOM,Americas,2018,8.00486,5.14046,11.43381
DOM,Americas,2019,7.58534,4.66606,11.51781
DZA,Africa,2010,21.27312,13.91765,32.38882
DZA,Africa,2011,21.55503,14.02675,33.06032
DZA,Africa,2012,22.75584,14.57366,35.60189
DZA,Africa,2013,21.19187,13.86563,32.31641
DZA,Africa,2014,22.63854,14.53916,35.12081
DZA,Africa,2015,22.49486,14.45622,34.9149
DZA,Africa,2016,23.05572,14.73256,35.91819
DZA,Africa,2017,23.32959,14.84479,36.41261
DZA,Africa,2018,22.72761,14.57291,35.29648
DZA,Africa,2019,22.68313,14.54004,35.2878
ECU,Americas,2010,17.47493,14.91846,20.44792
ECU,Americas,2011,17.10048,14.51015,19.89514
ECU,Americas,2012,17.73954,15.14495,20.19302
ECU,Americas,2013,18.12336,15.18718,20.96793
ECU,Americas,2014,18.55831,15.64971,21.8058
ECU,Americas,2015,17.72879,15.18458,20.40013
ECU,Americas,2016,17.16539,14.77796,20.41005
ECU,Americas,2017,15.83787,13.36144,18.46231
ECU,Americas,2018,16.3823,14.19669,19.33812
ECU,Americas,2019,16.54855,13.17996,20.05438
EGY,Eastern Mediterranean,2010,60.83491,39.24549,88.936
EGY,Eastern Mediterranean,2011,59.31687,38.46211,86.27511
EGY,Eastern Mediterranean,2012,60.50464,39.13121,88.35211
EGY,Eastern Mediterranean,2013,61.92892,39.81155,90.6171
EGY,Eastern Mediterranean,2014,62.02213,39.88878,90.31205
EGY,Eastern Mediterranean,2015,61.56171,39.67419,90.10401
EGY,Eastern Mediterranean,2016,61.96814,39.85205,90.78324
EGY,Eastern Mediterranean,2017,62.04866,39.89068,90.79429
EGY,Eastern Mediterranean,2018,62.19745,39.95588,90.85945
EGY,Eastern Mediterranean,2019,63.15743,40.38329,92.33056
EMR,,2010,44.49082,39.41569,51.03716
EMR,,2011,43.91316,38.65951,49.58731
EMR,,2012,44.66675,39.2917,50.51059
EMR,,2013,45.70842,40.24692,51.83296
EMR,,2014,44.20543,38.96947,50.16202
EMR,,2015,44.86908,39.68387,50.85758
EMR,,2016,43.85695,38.58203,49.57289
EMR,,2017,43.64261,38.5438,49.40983
EMR,,2018,45.70891,40.49364,51.63183
EMR,,2019,43.32542,38.19491,48.78951
ERI,Africa,2010,22.41942,9.0376,48.24995
ERI,Africa,2011,22.7158,9.04299,49.2829
ERI,Africa,2012,22.69251,9.06582,49.23012
ERI,Africa,2013,22.20768,9.08545,47.56205
ERI,Africa,2014,21.30527,9.08695,44.2791
ERI,Africa,2015,22.33113,9.09241,47.92936
ERI,Africa,2016,22.30357,9.10062,47.78535
ERI,Africa,2017,23.55812,9.13387,53.08131
ERI,Africa,2018,22.98061,9.13757,50.70764
ERI,Africa,2019,22.74486,9.18951,50.66225
ESP,Europe,2010,12.71701,12.47,13.01663
ESP,Europe,2011,13.08877,12.84479,13.38864
ESP,Europe,2012,11.8292,11.60505,12.07726
ESP,Europe,2013,11.21636,10.97721,11.46988
ESP,Europe,2014,10.30841,10.11718,10.52145
ESP,Europe,2015,11.11022,10.88471,11.36201
ESP,Europe,2016,10.03888,9.85031,10.2635
ESP,Europe,2017,10.20704,9.98955,10.44456
ESP,Europe,2018,10.07741,9.87789,10.29804
ESP,Europe,2019,9.3416,9.1399,9.55504
EST,Europe,2010,8.46857,7.71746,9.27291
EST,Europe,2011,7.65399,6.98805,8.4513
EST,Europe,2012,7.37921,6.70038,8.08678
EST,Europe,2013,7.63221,6.94068,8.37679
EST,Europe,2014,7.84577,7.20249,8.70472
EST,Europe,2015,6.74558,6.09517,7.28814
EST,Europe,2016,6.19576,5.5436,6.90092
EST,Europe,2017,5.89878,5.21202,6.51319
EST,Europe,2018,6.70458,6.13893,7.43273
EST,Europe,2019,6.35007,5.83061,6.94091
ETH,Africa,2010,22.26304,13.02533,33.71992
ETH,Africa,2011,22.38095,13.07007,33.96867
ETH,Africa,2012,22.08561,13.00665,33.3171
ETH,Africa,2013,22.07112,13.03012,33.29617
ETH,Africa,2014,21.94154,13.01398,32.87573
ETH,Africa,2015,22.11803,13.06579,33.25946
ETH,Africa,2016,22.17223,13.08889,33.33216
ETH,Africa,2017,22.2304,13.12149,33.52825
ETH,Africa,2018,22.23241,13.12958,33.3564
ETH,Africa,2019,21.80471,13.01973,32.46954
EUR,,2010,18.7488,17.86488,19.9509
EUR,,2011,19.17515,18.08134,20.65414
EUR,,2012,18.0306,16.86592,19.58339
EUR,,2013,17.56861,16.49859,18.85487
EUR,,2014,17.0275,16.13605,18.1637
EUR,,2015,16.79347,15.8629,18.00422
EUR,,2016,15.93261,14.97018,17.24349
EUR,,2017,15.80217,14.89319,16.98899
EUR,,2018,16.09504,15.26174,16.99658
EUR,,2019,14.88446,14.17326,15.90003
FIN,Europe,2010,7.06676,6.66306,7.47884
FIN,Europe,2011,7.03235,6.61393,7.44719
FIN,Europe,2012,6.32824,5.93987,6.70683
FIN,Europe,2013,6.19898,5.83999,6.56606
FIN,Europe,2014,5.77196,5.42941,6.09491
FIN,Europe,2015,5.82623,5.48561,6.16869
FIN,Europe,2016,5.39254,5.07178,5.71216
FIN,Europe,2017,5.37331,5.0597,5.68889
FIN,Europe,2018,5.57078,5.24835,5.89017
FIN,Europe,2019,5.46669,5.16262,5.76443
FJI,Western Pacific,2010,7.19301,3.78932,12.38893
FJI,Western Pacific,2011,7.03749,4.11849,12.23867
FJI,Western Pacific,2012,7.10199,4.08061,11.78405
FJI,Western Pacific,2013,7.12294,4.21278,12.09203
FJI,Western Pacific,2014,7.22564,4.28126,12.11918
FJI,Western Pacific,2015,7.32313,4.30772,11.85001
FJI,Western Pacific,2016,7.38893,4.17107,11.84241
FJI,Western Pacific,2017,7.45195,4.21081,12.40472
FJI,Western Pacific,2018,7.51985,3.99361,12.48367
FJI,Western Pacific,2019,7.36073,3.69132,11.78183
FRA,Europe,2010,14.4533,14.16692,14.7264
FRA,Europe,2011,14.72045,14.43635,15.01263
FRA,Europe,2012,13.28604,13.02636,13.57806
FRA,Europe,2013,12.94845,12.681,13.21516
FRA,Europe,2014,11.87684,11.61421,12.12139
FRA,Europe,2015,12.20689,11.98647,12.42366
FRA,Europe,2016,11.24407,11.0198,11.45657
FRA,Europe,2017,11.2922,11.07608,11.53546
FRA,Europe,2018,11.22835,11.05086,11.42786
FRA,Europe,2019,10.45709,10.26675,10.65369
FSM,Western Pacific,2010,7.55417,3.09626,17.83785
FSM,Western Pacific,2011,7.3519,3.50164,16.64157
FSM,Western Pacific,2012,7.46286,3.5419,15.40411
FSM,Western Pacific,2013,7.64291,3.63368,16.56216
FSM,Western Pacific,2014,7.37491,3.84012,15.10627
FSM,Western Pacific,2015,7.65392,3.83527,15.18239
FSM,Western Pacific,2016,7.73425,3.81282,16.12556
FSM,Western Pacific,2017,7.6179,3.33295,15.3182
FSM,Western Pacific,2018,7.63087,3.3315,15.63011
FSM,Western Pacific,2019,7.78563,3.26613,15.61128
GAB,Africa,2010,25.25444,6.48763,76.66222
GAB,Africa,2011,25.36521,6.50037,77.24653
GAB,Africa,2012,25.71197,6.52713,79.02543
GAB,Africa,2013,25.17365,6.48567,76.46181
GAB,Africa,2014,24.74257,6.4578,74.44256
GAB,Africa,2015,26.12616,6.57215,81.24895
GAB,Africa,2016,26.67274,6.61792,83.89105
GAB,Africa,2017,25.89724,6.56248,80.21896
GAB,Africa,2018,26.25771,6.59333,82.03762
GAB,Africa,2019,26.28642,6.59081,82.24076
GBR,Europe,2010,13.17134,12.73784,13.61412
GBR,Europe,2011,13.41139,12.90047,13.84094
GBR,Europe,2012,12.13746,11.73151,12.56071
GBR,Europe,2013,11.82121,11.38341,12.21961
GBR,Europe,2014,10.95413,10.54567,11.27995
GBR,Europe,2015,11.08279,10.68429,11.45538
GBR,Europe,2016,10.18747,9.8356,10.48203
GBR,Europe,2017,10.09013,9.70269,10.44954
GBR,Europe,2018,10.06647,9.71265,10.39658
GBR,Europe,2019,9.51575,9.171,9.82499
GEO,Europe,2010,22.83911,17.2407,29.46214
GEO,Europe,2011,25.97638,19.47627,33.98271
GEO,Europe,2012,25.60431,18.77106,34.23745
GEO,Europe,2013,23.91735,18.11039,31.48638
GEO,Europe,2014,22.75555,18.22012,28.40909
GEO,Europe,2015,22.56939,18.15112,28.79953
GEO,Europe,2016,22.23778,16.79915,28.24303
GEO,Europe,2017,21.05663,16.33996,26.09718
GEO,Europe,2018,20.65794,16.27588,26.58732
GEO,Europe,2019,19.06419,14.48186,23.85799
GHA,Africa,2010,44.15821,29.96387,67.45766
GHA,Africa,2011,45.88362,30.36852,70.46665
GHA,Africa,2012,46.1697,30.53995,70.67293
GHA,Africa,2013,44.52658,30.33655,67.82489
GHA,Africa,2014,44.32529,30.38888,67.2009
GHA,Africa,2015,50.00957,31.84899,77.79786
GHA,Africa,2016,49.58518,31.76979,77.18017
GHA,Africa,2017,48.44405,31.47008,74.37867
GHA,Africa,2018,48.04326,31.47638,73.66537
GHA,Africa,2019,46.04334,31.19458,69.73665
GIN,Africa,2010,36.75639,21.57834,69.76457
GIN,Africa,2011,36.8619,21.61542,70.38929
GIN,Africa,2012,38.56442,22.33671,74.37495
GIN,Africa,2013,35.99449,21.20083,68.42791
GIN,Africa,2014,37.47029,21.91764,71.43126
GIN,Africa,2015,39.19347,22.64674,75.91267
GIN,Africa,2016,39.27696,22.66406,76.25264
GIN,Africa,2017,38.63413,22.4314,75.02163
GIN,Africa,2018,37.9553,22.17469,73.22063
GIN,Africa,2019,37.57394,21.98681,72.05215
GLOBAL,,2010,35.2778,33.69155,36.9436
GLOBAL,,2011,36.14984,33.67409,38.61234
GLOBAL,,2012,36.56894,34.94046,38.48284
GLOBAL,,2013,39.37527,37.60141,41.17643
GLOBAL,,2014,36.63018,35.00783,38.62305
GLOBAL,,2015,36.06115,34.31054,38.08634
GLOBAL,,2016,34.65158,33.00498,36.64687
GLOBAL,,2017,33.94279,32.33539,35.83812
GLOBAL,,2018,33.60898,31.83678,35.52403
GLOBAL,,2019,31.69578,30.06121,33.61536
GMB,Africa,2010,37.46242,19.97863,62.69319
GMB,Africa,2011,37.6336,20.0954,62.93764
GMB,Africa,2012,38.99416,20.3226,66.08814
GMB,Africa,2013,36.75793,20.23561,60.44021
GMB,Africa,2014,37.9618,20.43381,63.17443
GMB,Africa,2015,39.87149,20.70616,67.65235
GMB,Africa,2016,38.93244,20.73612,65.14376
GMB,Africa,2017,40.49778,20.98077,68.76826
GMB,Africa,2018,39.85939,21.04653,66.98872
GMB,Africa,2019,39.10354,21.09847,64.9373
GNB,Africa,2010,33.91065,17.55255,60.91463
GNB,Africa,2011,34.199,17.65416,61.73115
GNB,Africa,2012,35.23712,17.68976,65.10148
GNB,Africa,2013,33.12466,17.46052,58.28018
GNB,Africa,2014,34.50521,17.81789,62.49188
GNB,Africa,2015,36.11347,17.84872,67.5945
GNB,Africa,2016,35.00763,17.94513,63.76236
GNB,Africa,2017,36.52577,17.95927,68.75641
GNB,Africa,2018,35.89896,18.03859,66.58189
GNB,Africa,2019,34.84998,18.05667,63.14495
GNQ,Africa,2010,24.24799,6.07918,66.07757
GNQ,Africa,2011,24.93395,6.06315,68.33601
GNQ,Africa,2012,25.52585,6.05878,70.5311
GNQ,Africa,2013,24.30935,6.0696,66.14544
GNQ,Africa,2014,24.11408,6.07276,65.38826
GNQ,Africa,2015,27.28679,6.0131,77.48017
GNQ,Africa,2016,26.95478,6.02987,75.59084
GNQ,Africa,2017,26.62422,6.02511,74.10619
GNQ,Africa,2018,26.37597,6.0342,73.19005
GNQ,Africa,2019,25.66867,6.04852,70.9554
GRC,Europe,2010,19.70342,18.1859,21.25052
GRC,Europe,2011,19.55482,18.04554,21.01448
GRC,Europe,2012,17.69594,16.4413,19.11113
GRC,Europe,2013,17.32218,15.96171,18.64507
GRC,Europe,2014,15.61442,14.46796,16.85365
GRC,Europe,2015,16.44555,15.20297,17.71684
GRC,Europe,2016,15.17234,14.01016,16.35313
GRC,Europe,2017,15.19722,14.02591,16.40141
GRC,Europe,2018,15.68502,14.47588,16.96413
GRC,Europe,2019,14.62251,13.51385,15.76047
GRD,Americas,2010,9.39634,6.33403,12.24894
GRD,Americas,2011,9.23726,6.2534,12.21439
GRD,Americas,2012,9.78476,7.16419,12.52128
GRD,Americas,2013,9.54154,7.01671,12.18759
GRD,Americas,2014,10.17527,7.16434,13.03423
GRD,Americas,2015,10.76191,7.6934,13.56309
GRD,Americas,2016,10.58836,7.76225,13.73188
GRD,Americas,2017,11.13847,8.00339,14.66991
GRD,Americas,2018,10.56853,8.05451,14.40508
GRD,Americas,2019,10.08384,7.07235,13.19739
GTM,Americas,2010,25.981,20.22458,33.78786
GTM,Americas,2011,27.38173,21.69861,36.22304
GTM,Americas,2012,25.71066,20.25617,33.27501
GTM,Americas,2013,27.22863,21.51728,35.13126
GTM,Americas,2014,25.22439,19.9649,32.26176
GTM,Americas,2015,25.41907,19.992,32.87832
GTM,Americas,2016,24.99632,20.05957,31.19898
GTM,Americas,2017,23.81887,19.19859,30.70033
GTM,Americas,2018,21.71094,17.24621,28.01265
GTM,Americas,2019,20.74787,16.17854,26.65286
GUY,Americas,2010,10.48881,5.3296,16.05678
GUY,Americas,2011,10.08629,5.37267,15.84878
GUY,Americas,2012,10.7606,5.74491,16.77624
GUY,Americas,2013,10.41427,5.35318,16.78705
GUY,Americas,2014,11.08202,5.75181,17.32938
GUY,Americas,2015,11.72288,6.51351,18.18668
GUY,Americas,2016,11.76084,6.76534,19.65156
GUY,Americas,2017,12.03326,6.65471,19.39539
GUY,Americas,2018,11.51726,5.90073,18.11704
GUY,Americas,2019,11.10584,5.70827,18.35311
HI_AMR,,2010,9.7413,9.57013,9.92737
HI_AMR,,2011,9.82576,9.66705,9.97217
HI_AMR,,2012,9.54726,9.39653,9.73582
HI_AMR,,2013,9.34086,9.20882,9.48158
HI_AMR,,2014,9.18868,9.06798,9.34127
HI_AMR,,2015,8.96712,8.8471,9.12531
HI_AMR,,2016,8.22176,8.09288,8.33829
HI_AMR,,2017,8.57493,8.38385,8.7767
HI_AMR,,2018,8.68019,8.49716,8.85289
HI_AMR,,2019,7.75762,7.64085,7.86732
HI_EMR,,2010,53.8459,42.75092,66.09918
HI_EMR,,2011,53.69879,42.61678,66.21624
HI_EMR,,2012,54.99951,43.55448,67.70509
HI_EMR,,2013,53.6446,42.50926,66.18251
HI_EMR,,2014,50.25738,39.57146,61.85275
HI_EMR,,2015,54.90799,43.60544,67.46894
HI_EMR,,2016,52.64365,41.63791,64.80309
HI_EMR,,2017,54.62054,43.16107,67.35227
HI_EMR,,2018,54.56832,43.19826,67.36664
HI_EMR,,2019,53.1438,41.87343,65.88751
HI_EUR,,2010,16.05235,15.90644,16.2031
HI_EUR,,2011,16.40925,16.23631,16.5395
HI_EUR,,2012,14.76035,14.62293,14.88205
HI_EUR,,2013,14.28057,14.16792,14.3924
HI_EUR,,2014,13.47175,13.35256,13.59155
HI_EUR,,2015,13.67118,13.56072,13.81085
HI_EUR,,2016,12.62774,12.51559,12.73259
HI_EUR,,2017,12.71925,12.6151,12.82665
HI_EUR,,2018,12.80471,12.70848,12.90802
HI_EUR,,2019,11.58116,11.49186,11.66743
HI_WPR,,2010,17.28582,16.59011,18.10482
HI_WPR,,2011,16.85166,16.09438,17.51886
HI_WPR,,2012,15.03415,14.4997,15.5677
HI_WPR,,2013,16.26599,15.68412,16.93517
HI_WPR,,2014,16.29937,15.62703,16.85945
HI_WPR,,2015,15.52877,14.91036,16.05573
HI_WPR,,2016,15.31087,14.69667,15.85126
HI_WPR,,2017,14.57605,13.88589,15.04361
HI_WPR,,2018,13.46816,13.00217,13.9459
HI_WPR,,2019,13.78117,13.25934,14.25913
HND,Americas,2010,22.41273,16.27811,30.00908
HND,Americas,2011,24.6973,17.47797,32.53569
HND,Americas,2012,22.49206,15.96945,30.5747
HND,Americas,2013,24.52253,17.53294,32.89173
HND,Americas,2014,23.10055,16.54553,30.8249
HND,Americas,2015,23.07178,16.20457,31.10064
HND,Americas,2016,22.63153,15.9653,30.6932
HND,Americas,2017,21.06729,14.71081,28.71002
HND,Americas,2018,20.02576,14.30142,26.61986
HND,Americas,2019,18.93138,13.48115,25.56041
HRV,Europe,2010,20.99358,19.42111,22.68224
HRV,Europe,2011,22.06682,20.49259,23.67354
HRV,Europe,2012,19.8851,18.43623,21.30281
HRV,Europe,2013,18.93214,17.51459,20.47795
HRV,Europe,2014,19.0963,17.63686,20.65709
HRV,Europe,2015,18.64689,17.30805,20.21725
HRV,Europe,2016,17.72706,16.3444,19.01509
HRV,Europe,2017,18.22426,16.90956,19.70345
HRV,Europe,2018,18.97625,17.51117,20.43765
HRV,Europe,2019,15.28803,14.16349,16.51429
HTI,Americas,2010,9.56173,5.33002,16.77126
HTI,Americas,2011,9.04796,5.17821,15.62051
HTI,Americas,2012,9.60844,5.54904,17.15041
HTI,Americas,2013,9.36743,5.31382,17.34141
HTI,Americas,2014,9.92126,5.52423,18.42757
HTI,Americas,2015,10.14026,5.83282,17.68992
HTI,Americas,2016,10.36243,5.78062,18.88096
HTI,Americas,2017,10.61368,5.80472,18.10418
HTI,Americas,2018,10.23239,5.76333,17.36256
HTI,Americas,2019,9.69133,5.40722,16.63942
HUN,Europe,2010,19.48187,18.46479,20.68694
HUN,Europe,2011,20.28949,19.03175,21.56522
HUN,Europe,2012,18.09601,17.12066,19.19984
HUN,Europe,2013,17.41172,16.62987,18.49624
HUN,Europe,2014,17.6783,16.86694,18.66233
HUN,Europe,2015,17.16101,16.20936,18.11837
HUN,Europe,2016,16.18065,15.32213,17.13385
HUN,Europe,2017,16.61689,15.71387,17.66477
HUN,Europe,2018,17.25407,16.35646,18.15798
HUN,Europe,2019,14.24457,13.39882,15.11141
IDN,South-East Asia,2010,20.59222,16.4998,24.62591
IDN,South-East Asia,2011,19.12046,15.79012,23.06241
IDN,South-East Asia,2012,20.27159,17.12309,24.50764
IDN,South-East Asia,2013,20.90741,17.74059,24.49391
IDN,South-East Asia,2014,18.87457,16.05976,22.73228
IDN,South-East Asia,2015,19.34402,16.09159,23.52101
IDN,South-East Asia,2016,20.77603,17.39609,25.34706
IDN,South-East Asia,2017,18.41187,15.34566,21.87649
IDN,South-East Asia,2018,18.46806,15.57825,22.89615
IDN,South-East Asia,2019,19.3398,16.75919,23.72202
IND,South-East Asia,2010,55.16824,49.72793,59.82404
IND,South-East Asia,2011,55.05154,52.34121,57.62451
IND,South-East Asia,2012,55.71659,53.57476,57.93259
IND,South-East Asia,2013,58.2048,55.61116,60.77813
IND,South-East Asia,2014,55.88501,53.24367,58.39144
IND,South-East Asia,2015,55.47851,52.72362,57.77192
IND,South-East Asia,2016,52.99866,50.57113,55.27544
IND,South-East Asia,2017,51.30151,48.77812,53.21048
IND,South-East Asia,2018,55.47787,53.03153,58.01829
IND,South-East Asia,2019,50.17359,47.86732,52.42847
IRL,Europe,2010,9.902,9.24542,10.39366
IRL,Europe,2011,10.60182,9.90854,11.17319
IRL,Europe,2012,9.42652,8.81901,9.95294
IRL,Europe,2013,9.32749,8.71596,9.85618
IRL,Europe,2014,8.73801,8.1889,9.20774
IRL,Europe,2015,9.16187,8.58403,9.6752
IRL,Europe,2016,8.07617,7.54948,8.54333
IRL,Europe,2017,8.13348,7.59744,8.58668
IRL,Europe,2018,8.30705,7.76218,8.77375
IRL,Europe,2019,8.19503,7.66002,8.65482
IRN,Eastern Mediterranean,2010,29.88702,26.15644,33.48878
IRN,Eastern Mediterranean,2011,29.6127,25.95534,33.12824
IRN,Eastern Mediterranean,2012,29.63387,25.96779,33.1592
IRN,Eastern Mediterranean,2013,29.5478,25.90017,33.05241
IRN,Eastern Mediterranean,2014,29.05687,25.42514,32.52233
IRN,Eastern Mediterranean,2015,29.87318,26.17421,33.4331
IRN,Eastern Mediterranean,2016,29.5019,25.84905,32.96171
IRN,Eastern Mediterranean,2017,30.35325,26.52094,33.98292
IRN,Eastern Mediterranean,2018,32.17821,27.93298,36.30077
IRN,Eastern Mediterranean,2019,31.61622,27.47198,35.51562
IRQ,Eastern Mediterranean,2010,39.31795,31.91451,49.33745
IRQ,Eastern Mediterranean,2011,38.61172,31.33918,48.43269
IRQ,Eastern Mediterranean,2012,38.56523,31.31601,48.35454
IRQ,Eastern Mediterranean,2013,38.55701,31.27435,48.42443
IRQ,Eastern Mediterranean,2014,36.63165,29.83864,45.75863
IRQ,Eastern Mediterranean,2015,39.05414,31.7127,49.13469
IRQ,Eastern Mediterranean,2016,38.51472,31.29134,48.39063
IRQ,Eastern Mediterranean,2017,38.85521,31.55338,48.90402
IRQ,Eastern Mediterranean,2018,39.97648,32.44521,50.45014
IRQ,Eastern Mediterranean,2019,39.28878,31.90712,49.47615
ISL,Europe,2010,6.90546,6.08806,7.71684
ISL,Europe,2011,7.45684,6.57995,8.34184
ISL,Europe,2012,6.63645,5.86487,7.39723
ISL,Europe,2013,6.38553,5.63308,7.10326
ISL,Europe,2014,6.03472,5.32526,6.73072
ISL,Europe,2015,6.43001,5.67037,7.1594
ISL,Europe,2016,5.68914,5.03209,6.31883
ISL,Europe,2017,5.75077,5.07641,6.39411
ISL,Europe,2018,5.88924,5.20338,6.56483
ISL,Europe,2019,5.78865,5.10588,6.45684
ISR,Europe,2010,24.22698,22.71752,25.7657
ISR,Europe,2011,23.7084,22.17768,25.22193
ISR,Europe,2012,22.15262,20.69436,23.55646
ISR,Europe,2013,22.07348,20.68055,23.34174
ISR,Europe,2014,20.4316,19.20824,21.54752
ISR,Europe,2015,21.65498,20.25103,22.92373
ISR,Europe,2016,19.90068,18.596,21.15301
ISR,Europe,2017,19.54361,18.25297,20.7534
ISR,Europe,2018,20.21878,18.84429,21.42643
ISR,Europe,2019,19.47101,18.17,20.73832
ITA,Europe,2010,20.11166,19.76627,20.43481
ITA,Europe,2011,20.72886,20.32311,21.03974
ITA,Europe,2012,18.51943,18.21655,18.80905
ITA,Europe,2013,17.90644,17.65645,18.17982
ITA,Europe,2014,16.69172,16.41956,16.94043
ITA,Europe,2015,17.27739,17.00142,17.53948
ITA,Europe,2016,15.82346,15.59456,16.07081
ITA,Europe,2017,15.73249,15.49956,15.97307
ITA,Europe,2018,15.97465,15.7465,16.18976
ITA,Europe,2019,14.22481,13.99045,14.43528
JAM,Americas,2010,14.58165,11.67621,17.24653
JAM,Americas,2011,13.67548,11.55381,15.58843
JAM,Americas,2012,14.70844,12.88257,16.46676
JAM,Americas,2013,14.31808,12.34005,16.34127
JAM,Americas,2014,15.35632,13.09619,17.56007
JAM,Americas,2015,15.74704,13.52624,18.40509
JAM,Americas,2016,15.97862,13.10143,18.51733
JAM,Americas,2017,16.30178,13.60068,18.9765
JAM,Americas,2018,15.7328,13.48209,18.82381
JAM,Americas,2019,14.8314,12.50458,17.45775
JOR,Eastern Mediterranean,2010,24.53118,21.79449,27.79093
JOR,Eastern Mediterranean,2011,24.62581,21.85453,27.8842
JOR,Eastern Mediterranean,2012,24.9422,22.02959,28.19943
JOR,Eastern Mediterranean,2013,24.85342,21.98253,28.12105
JOR,Eastern Mediterranean,2014,24.47033,21.73819,27.7251
JOR,Eastern Mediterranean,2015,25.3359,22.27135,28.56629
JOR,Eastern Mediterranean,2016,24.86565,22.01655,28.12236
JOR,Eastern Mediterranean,2017,25.28584,22.26325,28.51291
JOR,Eastern Mediterranean,2018,25.85406,22.56945,29.11682
JOR,Eastern Mediterranean,2019,25.87215,22.58192,29.13614
JPN,Western Pacific,2010,14.2207,13.23388,15.24065
JPN,Western Pacific,2011,13.90566,12.87263,15.00863
JPN,Western Pacific,2012,12.37181,11.62613,13.24976
JPN,Western Pacific,2013,13.4454,12.53577,14.34986
JPN,Western Pacific,2014,13.41395,12.44729,14.2896
JPN,Western Pacific,2015,12.75262,11.87827,13.53583
JPN,Western Pacific,2016,12.54238,11.62791,13.36885
JPN,Western Pacific,2017,11.89025,10.9058,12.72848
JPN,Western Pacific,2018,10.86894,10.12653,11.64707
JPN,Western Pacific,2019,10.83519,10.02477,11.55344
KAZ,Europe,2010,30.42386,21.77415,42.24079
KAZ,Europe,2011,34.57333,24.30233,49.05761
KAZ,Europe,2012,34.81683,24.02527,51.72567
KAZ,Europe,2013,32.63615,23.16207,46.55434
KAZ,Europe,2014,30.90701,22.27147,41.8216
KAZ,Europe,2015,30.83178,22.29733,41.78438
KAZ,Europe,2016,30.6633,21.92853,40.87989
KAZ,Europe,2017,29.0364,20.79933,38.95194
KAZ,Europe,2018,28.46401,20.99121,37.13158
KAZ,Europe,2019,26.50215,19.01253,34.73025
KEN,Africa,2010,12.37721,7.7466,17.49326
KEN,Africa,2011,12.42852,7.76813,17.58104
KEN,Africa,2012,12.46378,7.78869,17.66361
KEN,Africa,2013,12.44209,7.76801,17.61332
KEN,Africa,2014,12.46646,7.78279,17.6641
KEN,Africa,2015,12.49999,7.79056,17.72025
KEN,Africa,2016,12.52689,7.80548,17.78748
KEN,Africa,2017,12.51088,7.79705,17.72132
KEN,Africa,2018,12.58012,7.83595,17.89033
KEN,Africa,2019,12.52415,7.80219,17.7811
KGZ,Europe,2010,44.68326,29.28287,67.0646
KGZ,Europe,2011,50.69917,34.28798,75.58997
KGZ,Europe,2012,50.3221,34.05663,69.4331
KGZ,Europe,2013,47.60541,30.86686,67.88191
KGZ,Europe,2014,44.59643,29.12921,63.35344
KGZ,Europe,2015,44.57756,30.44947,62.94059
KGZ,Europe,2016,44.04963,29.43641,64.2823
KGZ,Europe,2017,41.60872,28.1632,60.50138
KGZ,Europe,2018,40.99721,27.62588,57.53666
KGZ,Europe,2019,37.58464,26.16499,52.31281
KHM,Western Pacific,2010,18.84915,15.72202,22.03103
KHM,Western Pacific,2011,17.31448,15.22937,19.9309
KHM,Western Pacific,2012,18.21766,15.93696,20.35119
KHM,Western Pacific,2013,19.1953,16.61055,21.70763
KHM,Western Pacific,2014,17.01531,15.20197,18.88308
KHM,Western Pacific,2015,17.4328,15.58489,19.62997
KHM,Western Pacific,2016,19.15603,16.86003,21.6763
KHM,Western Pacific,2017,16.83556,14.88413,19.47596
KHM,Western Pacific,2018,17.16058,15.01513,19.62687
KHM,Western Pacific,2019,17.80251,16.09449,19.50173
KIR,Western Pacific,2010,7.59778,3.14921,15.5882
KIR,Western Pacific,2011,7.61922,3.21305,16.18756
KIR,Western Pacific,2012,7.54133,3.25824,15.31986
KIR,Western Pacific,2013,7.55415,3.31224,14.82564
KIR,Western Pacific,2014,7.33496,3.05174,14.00608
KIR,Western Pacific,2015,7.30706,2.94692,14.10558
KIR,Western Pacific,2016,7.63719,2.88617,15.29822
KIR,Western Pacific,2017,7.63061,2.74187,15.17031
KIR,Western Pacific,2018,7.66936,3.09415,16.01898
KIR,Western Pacific,2019,7.61811,3.13747,16.25611
KNA,Americas,2010,7.9259,5.55496,10.52647
KNA,Americas,2011,7.52631,5.48686,10.28791
KNA,Americas,2012,7.91165,6.04183,11.01895
KNA,Americas,2013,7.75147,5.99445,10.04043
KNA,Americas,2014,8.21795,6.18325,10.80978
KNA,Americas,2015,8.59294,6.43566,11.43704
KNA,Americas,2016,8.65734,6.47061,12.00206
KNA,Americas,2017,8.96676,6.97402,12.47157
KNA,Americas,2018,8.59213,6.54226,11.36328
KNA,Americas,2019,8.05126,6.18744,10.40921
KOR,Western Pacific,2010,29.83355,28.80491,30.88576
KOR,Western Pacific,2011,29.35337,28.38629,30.19678
KOR,Western Pacific,2012,26.17924,25.32976,26.9998
KOR,Western Pacific,2013,28.54048,27.58024,29.37552
KOR,Western Pacific,2014,28.95136,27.931,29.92291
KOR,Western Pacific,2015,27.60665,26.60319,28.42197
KOR,Western Pacific,2016,27.25594,26.35231,27.95685
KOR,Western Pacific,2017,25.81438,24.95572,26.35905
KOR,Western Pacific,2018,23.69667,22.95223,24.45555
KOR,Western Pacific,2019,24.03774,23.38621,24.7486
KWT,Eastern Mediterranean,2010,66.5074,57.64246,75.93259
KWT,Eastern Mediterranean,2011,65.2794,56.58102,74.21123
KWT,Eastern Mediterranean,2012,65.70146,56.96226,74.74672
KWT,Eastern Mediterranean,2013,65.5682,56.84871,74.5394
KWT,Eastern Mediterranean,2014,61.95748,53.99163,69.83853
KWT,Eastern Mediterranean,2015,66.17386,57.39281,75.311
KWT,Eastern Mediterranean,2016,64.36795,55.89137,72.89962
KWT,Eastern Mediterranean,2017,65.62618,56.90676,74.53741
KWT,Eastern Mediterranean,2018,66.04878,57.25722,75.10032
KWT,Eastern Mediterranean,2019,64.07714,55.65258,72.48839
LAO,Western Pacific,2010,22.85893,17.55824,29.63695
LAO,Western Pacific,2011,20.19389,15.66404,25.19375
LAO,Western Pacific,2012,21.7454,16.80579,26.41698
LAO,Western Pacific,2013,22.53763,17.90074,26.92285
LAO,Western Pacific,2014,20.14811,15.75548,24.02597
LAO,Western Pacific,2015,20.54602,16.15608,24.42035
LAO,Western Pacific,2016,23.09439,18.36303,28.41938
LAO,Western Pacific,2017,19.68483,15.54026,24.29651
LAO,Western Pacific,2018,19.68081,15.65947,24.59321
LAO,Western Pacific,2019,21.15498,16.85936,25.13294
LBN,Eastern Mediterranean,2010,24.23999,17.89967,32.68294
LBN,Eastern Mediterranean,2011,23.33959,17.48739,30.92809
LBN,Eastern Mediterranean,2012,23.97292,17.8214,32.12016
LBN,Eastern Mediterranean,2013,23.89735,17.81265,31.87849
LBN,Eastern Mediterranean,2014,23.82028,17.79738,31.65813
LBN,Eastern Mediterranean,2015,24.49356,18.1399,32.93664
LBN,Eastern Mediterranean,2016,24.11258,17.97288,32.17233
LBN,Eastern Mediterranean,2017,23.53088,17.69069,31.05857
LBN,Eastern Mediterranean,2018,24.0801,17.97044,32.12809
LBN,Eastern Mediterranean,2019,24.234,18.05264,32.44976
LBR,Africa,2010,32.84865,17.11138,57.41058
LBR,Africa,2011,33.43698,17.31388,58.85285
LBR,Africa,2012,35.50188,18.01262,64.39526
LBR,Africa,2013,33.1627,17.25524,58.06978
LBR,Africa,2014,34.65888,17.78207,62.33381
LBR,Africa,2015,37.68039,18.81402,68.69351
LBR,Africa,2016,35.72049,18.12487,64.77803
LBR,Africa,2017,35.98,18.17585,65.25855
LBR,Africa,2018,35.67585,18.09148,64.1796
LBR,Africa,2019,35.79581,18.1928,64.6483
LBY,Eastern Mediterranean,2010,31.19201,15.19862,53.78228
LBY,Eastern Mediterranean,2011,28.60137,14.43532,48.89588
LBY,Eastern Mediterranean,2012,28.5302,14.46744,48.78231
LBY,Eastern Mediterranean,2013,30.871,15.11998,53.24504
LBY,Eastern Mediterranean,2014,29.98407,14.78603,51.18655
LBY,Eastern Mediterranean,2015,29.0747,14.58077,49.75402
LBY,Eastern Mediterranean,2016,30.06973,14.85903,51.57201
LBY,Eastern Mediterranean,2017,28.41691,14.35737,48.39394
LBY,Eastern Mediterranean,2018,30.40843,14.95989,52.22898
LBY,Eastern Mediterranean,2019,29.83557,14.81975,51.18139
LCA,Americas,2010,8.42728,5.83781,11.68765
LCA,Americas,2011,8.33712,5.86271,12.03456
LCA,Americas,2012,8.81156,6.38598,12.1477
LCA,Americas,2013,8.55295,6.07801,11.72716
LCA,Americas,2014,9.10296,6.29619,12.11127
LCA,Americas,2015,9.61662,6.91901,13.39444
LCA,Americas,2016,9.56065,6.80064,13.51652
LCA,Americas,2017,10.02694,7.34161,13.74837
LCA,Americas,2018,9.50754,6.81102,12.88484
LCA,Americas,2019,8.97661,6.50887,11.83777
LKA,South-East Asia,2010,24.99107,18.32398,34.24055
LKA,South-East Asia,2011,23.20591,17.20342,31.34492
LKA,South-East Asia,2012,24.60746,18.13724,33.6444
LKA,South-East Asia,2013,25.47886,18.48713,34.6008
LKA,South-East Asia,2014,22.65567,16.57094,30.46903
LKA,South-East Asia,2015,23.08327,17.09835,30.50951
LKA,South-East Asia,2016,25.46074,19.49808,33.8143
LKA,South-East Asia,2017,22.98816,17.03299,31.13299
LKA,South-East Asia,2018,23.12285,16.81162,30.74675
LKA,South-East Asia,2019,23.87759,17.37756,31.79329
LMI_AFR,,2010,31.58336,24.78066,41.05412
LMI_AFR,,2011,31.9122,25.07043,41.436
LMI_AFR,,2012,32.35935,25.47033,42.04375
LMI_AFR,,2013,31.51493,24.64639,40.81961
LMI_AFR,,2014,31.86882,25.00918,41.37215
LMI_AFR,,2015,33.42633,26.2919,43.40673
LMI_AFR,,2016,33.42914,26.22749,43.48645
LMI_AFR,,2017,33.24256,26.14791,43.16755
LMI_AFR,,2018,32.97548,25.88522,42.70342
LMI_AFR,,2019,32.54634,25.40444,41.9743
LMI_AMR,,2010,18.02671,16.69594,19.20729
LMI_AMR,,2011,18.42762,17.38689,19.56332
LMI_AMR,,2012,17.828,16.59327,18.76357
LMI_AMR,,2013,18.01716,16.94889,19.20448
LMI_AMR,,2014,17.57339,16.54907,18.5022
LMI_AMR,,2015,17.19599,16.04552,18.18417
LMI_AMR,,2016,16.90161,15.96818,18.07352
LMI_AMR,,2017,17.3498,16.32022,18.51414
LMI_AMR,,2018,15.39609,14.53015,16.29162
LMI_AMR,,2019,14.91261,13.96611,15.99601
LMI_EMR,,2010,43.80678,38.79759,50.85418
LMI_EMR,,2011,43.17838,37.57748,49.24212
LMI_EMR,,2012,43.87381,38.23506,50.14582
LMI_EMR,,2013,45.12438,39.42831,51.70652
LMI_EMR,,2014,43.77305,38.14681,50.18312
LMI_EMR,,2015,44.08196,38.208,50.49314
LMI_EMR,,2016,43.17567,37.49652,49.32178
LMI_EMR,,2017,42.76993,37.16126,48.94179
LMI_EMR,,2018,45.03817,39.2738,51.37347
LMI_EMR,,2019,42.55256,36.90264,48.37486
LMI_EUR,,2010,22.02462,20.10779,24.69264
LMI_EUR,,2011,22.52926,20.17088,25.8418
LMI_EUR,,2012,21.9871,19.51722,25.37561
LMI_EUR,,2013,21.53391,19.167,24.41383
LMI_EUR,,2014,21.3029,19.23717,23.80654
LMI_EUR,,2015,20.53672,18.51706,23.20489
LMI_EUR,,2016,19.88818,17.79214,22.74866
LMI_EUR,,2017,19.48846,17.47628,22.09052
LMI_EUR,,2018,20.02732,18.20768,22.02849
LMI_EUR,,2019,18.83202,17.24997,21.05611
LMI_SEAR,,2010,47.65426,43.69906,51.51935
LMI_SEAR,,2011,47.31515,45.18162,49.46708
LMI_SEAR,,2012,48.1556,46.58019,50.16192
LMI_SEAR,,2013,50.35609,48.16563,52.70839
LMI_SEAR,,2014,47.99703,46.10054,50.07872
LMI_SEAR,,2015,47.7425,45.89646,49.87614
LMI_SEAR,,2016,46.11154,44.42593,48.00177
LMI_SEAR,,2017,44.26394,42.86644,46.03661
LMI_SEAR,,2018,47.47836,45.73621,49.59158
LMI_SEAR,,2019,43.59033,42.01163,45.44101
LMI_WPR,,2010,43.49502,41.26185,45.49248
LMI_WPR,,2011,47.25671,41.73575,53.82378
LMI_WPR,,2012,48.66612,43.02139,53.5427
LMI_WPR,,2013,58.49025,55.60961,61.04413
LMI_WPR,,2014,50.00849,47.6659,51.91792
LMI_WPR,,2015,46.96454,45.12239,48.43026
LMI_WPR,,2016,43.69796,41.98007,45.03716
LMI_WPR,,2017,42.71244,41.03516,43.96648
LMI_WPR,,2018,37.32935,35.86265,38.48197
LMI_WPR,,2019,35.42902,34.07302,36.56027
LSO,Africa,2010,18.42596,12.32365,27.83644
LSO,Africa,2011,17.74356,12.11143,26.81706
LSO,Africa,2012,17.54277,12.04811,26.48595
LSO,Africa,2013,17.75434,12.13147,26.83933
LSO,Africa,2014,17.95129,12.20292,27.12963
LSO,Africa,2015,17.6502,12.10678,26.6622
LSO,Africa,2016,17.42253,12.0464,26.34754
LSO,Africa,2017,17.75258,12.16586,26.87179
LSO,Africa,2018,17.79953,12.18798,26.94826
LSO,Africa,2019,17.59755,12.12588,26.6366
LTU,Europe,2010,13.87189,12.74113,15.19084
LTU,Europe,2011,12.76746,11.87071,13.91018
LTU,Europe,2012,12.194,11.20992,13.43003
LTU,Europe,2013,12.64978,11.57584,13.91176
LTU,Europe,2014,12.91686,11.87872,14.31326
LTU,Europe,2015,11.43758,10.59867,12.44093
LTU,Europe,2016,10.30377,9.24286,11.22586
LTU,Europe,2017,9.90997,8.92635,10.9648
LTU,Europe,2018,11.11935,10.10934,12.38105
LTU,Europe,2019,10.36907,9.2866,11.21916
LUX,Europe,2010,12.37609,11.64514,13.11114
LUX,Europe,2011,12.6349,11.914,13.41295
LUX,Europe,2012,11.32265,10.67339,11.94966
LUX,Europe,2013,11.02887,10.39265,11.69565
LUX,Europe,2014,10.26854,9.67704,10.90496
LUX,Europe,2015,10.44694,9.87613,11.11458
LUX,Europe,2016,9.74615,9.18921,10.33343
LUX,Europe,2017,9.83734,9.26624,10.42176
LUX,Europe,2018,9.70775,9.17086,10.25583
LUX,Europe,2019,8.89471,8.39864,9.40264
LVA,Europe,2010,16.47888,14.60394,18.54145
LVA,Europe,2011,15.06489,13.63147,16.85371
LVA,Europe,2012,14.35427,12.92356,16.12899
LVA,Europe,2013,15.05586,13.59094,16.9287
LVA,Europe,2014,15.38506,13.71112,17.36656
LVA,Europe,2015,13.39956,12.05174,14.78371
LVA,Europe,2016,12.14769,10.92497,13.71174
LVA,Europe,2017,11.45575,10.34359,13.20573
LVA,Europe,2018,12.84245,11.25793,14.30393
LVA,Europe,2019,12.02183,10.69077,13.42216
MAR,Eastern Mediterranean,2010,13.1705,10.82359,16.36037
MAR,Eastern Mediterranean,2011,13.27892,10.89331,16.44671
MAR,Eastern Mediterranean,2012,13.23921,10.88912,16.37563
MAR,Eastern Mediterranean,2013,12.87496,10.67118,15.87399
MAR,Eastern Mediterranean,2014,13.25827,10.8966,16.41184
MAR,Eastern Mediterranean,2015,13.48392,11.03005,16.60524
MAR,Eastern Mediterranean,2016,13.55217,11.06555,16.69757
MAR,Eastern Mediterranean,2017,13.91456,11.23902,17.21129
MAR,Eastern Mediterranean,2018,13.58116,11.07898,16.74382
MAR,Eastern Mediterranean,2019,13.44048,11.0345,16.52302
MCO,Europe,2010,11.90929,10.56543,13.27183
MCO,Europe,2011,12.36992,10.99846,13.75975
MCO,Europe,2012,11.15613,9.94641,12.38616
MCO,Europe,2013,10.76834,9.61828,12.04552
MCO,Europe,2014,9.97134,8.90991,11.07727
MCO,Europe,2015,10.41417,9.3267,11.58188
MCO,Europe,2016,9.52814,8.49709,10.5883
MCO,Europe,2017,9.62937,8.61188,10.79454
MCO,Europe,2018,9.87806,8.8163,10.96165
MCO,Europe,2019,9.21092,8.24209,10.26663
MDA,Europe,2010,16.83486,12.48642,21.59306
MDA,Europe,2011,15.67313,11.6594,20.63916
MDA,Europe,2012,14.84957,11.18747,19.58599
MDA,Europe,2013,15.10139,11.27821,19.78185
MDA,Europe,2014,15.64055,11.76669,19.40139
MDA,Europe,2015,13.60586,10.17067,17.55289
MDA,Europe,2016,12.51156,9.53912,16.16614
MDA,Europe,2017,11.98123,8.80059,15.59131
MDA,Europe,2018,13.29578,9.8514,17.24149
MDA,Europe,2019,12.36523,9.11431,15.99435
MDG,Africa,2010,16.50359,10.9589,24.85865
MDG,Africa,2011,16.52913,10.97354,24.8603
MDG,Africa,2012,16.17388,10.96274,24.23619
MDG,Africa,2013,16.54685,11.02876,24.84865
MDG,Africa,2014,16.23716,10.98931,24.27843
MDG,Africa,2015,16.41895,11.04596,24.61599
MDG,Africa,2016,16.52351,11.08475,24.79905
MDG,Africa,2017,15.8643,11.09096,23.57094
MDG,Africa,2018,16.14007,11.11297,24.07663
MDG,Africa,2019,16.02251,11.15863,23.84486
MDV,South-East Asia,2010,13.38913,10.34907,17.78484
MDV,South-East Asia,2011,12.37565,10.01778,15.44734
MDV,South-East Asia,2012,13.26983,10.37018,16.50084
MDV,South-East Asia,2013,13.66561,10.88157,18.01341
MDV,South-East Asia,2014,12.0814,9.63499,15.73675
MDV,South-East Asia,2015,12.22996,9.75459,16.32269
MDV,South-East Asia,2016,13.66199,10.78226,17.86197
MDV,South-East Asia,2017,12.51763,10.2329,15.69091
MDV,South-East Asia,2018,12.46575,10.25252,15.69713
MDV,South-East Asia,2019,13.00334,10.32724,16.69507
MEX,Americas,2010,22.13361,20.40144,23.83212
MEX,Americas,2011,23.52526,21.42715,25.97836
MEX,Americas,2012,22.2395,20.14795,24.06829
MEX,Americas,2013,23.18825,21.3872,25.04947
MEX,Americas,2014,21.56012,19.95915,23.7453
MEX,Americas,2015,21.79878,20.36631,23.74425
MEX,Americas,2016,21.20562,19.75749,23.15363
MEX,Americas,2017,20.43847,18.50422,22.80595
MEX,Americas,2018,18.75159,17.54964,19.9187
MEX,Americas,2019,17.82781,16.3319,19.65024
MHL,Western Pacific,2010,7.2692,2.93437,15.63808
MHL,Western Pacific,2011,7.07336,2.96565,14.90131
MHL,Western Pacific,2012,7.1185,3.00622,15.0361
MHL,Western Pacific,2013,7.2102,3.08918,15.39558
MHL,Western Pacific,2014,6.97074,2.67045,14.6172
MHL,Western Pacific,2015,7.10208,2.84604,14.53113
MHL,Western Pacific,2016,7.2666,2.68833,15.16203
MHL,Western Pacific,2017,7.14984,2.6154,14.80979
MHL,Western Pacific,2018,7.14241,2.69627,15.36463
MHL,Western Pacific,2019,7.21485,2.62062,15.19696
MKD,Europe,2010,34.53379,32.32369,37.89735
MKD,Europe,2011,36.51749,34.12826,39.83784
MKD,Europe,2012,33.87751,31.22712,36.75003
MKD,Europe,2013,30.87741,28.8858,33.51451
MKD,Europe,2014,30.38281,28.57855,33.0388
MKD,Europe,2015,29.51055,27.67908,32.20427
MKD,Europe,2016,28.22692,26.46783,31.00161
MKD,Europe,2017,29.25548,27.29786,31.81351
MKD,Europe,2018,30.05632,28.14278,32.72295
MKD,Europe,2019,25.16804,23.55795,27.13473
MLI,Africa,2010,39.03671,14.85926,87.95232
MLI,Africa,2011,38.28989,14.77706,85.04768
MLI,Africa,2012,39.78941,15.05169,90.60793
MLI,Africa,2013,36.20615,14.40405,76.80982
MLI,Africa,2014,38.38143,14.761,84.32367
MLI,Africa,2015,40.77241,15.25752,93.67715
MLI,Africa,2016,40.08283,15.10452,90.2575
MLI,Africa,2017,40.3369,15.17427,91.08119
MLI,Africa,2018,39.82185,15.05099,88.75271
MLI,Africa,2019,38.54882,14.7955,83.34134
MLT,Europe,2010,17.17263,15.73521,19.10092
MLT,Europe,2011,16.46377,15.13679,18.26949
MLT,Europe,2012,14.39201,13.24038,15.90748
MLT,Europe,2013,14.31433,13.1606,15.90739
MLT,Europe,2014,13.8986,12.77965,15.4318
MLT,Europe,2015,13.853,12.71316,15.34682
MLT,Europe,2016,13.26847,12.15817,14.69082
MLT,Europe,2017,12.60381,11.55399,13.95811
MLT,Europe,2018,13.79236,12.6636,15.2671
MLT,Europe,2019,12.93003,11.84088,14.32034
MMR,South-East Asia,2010,29.45053,23.88366,36.98573
MMR,South-East Asia,2011,26.63846,22.31739,31.80746
MMR,South-East Asia,2012,28.51278,24.27494,32.84521
MMR,South-East Asia,2013,29.31366,25.42946,33.73106
MMR,South-East Asia,2014,26.07728,22.69087,29.59749
MMR,South-East Asia,2015,26.52866,22.68331,30.8019
MMR,South-East Asia,2016,29.2509,25.27499,34.70255
MMR,South-East Asia,2017,25.92626,22.21928,29.66151
MMR,South-East Asia,2018,26.0426,22.40217,30.52263
MMR,South-East Asia,2019,27.16498,23.4826,30.97188
MNE,Europe,2010,26.08957,23.24792,29.9681
MNE,Europe,2011,27.20885,24.31143,31.38144
MNE,Europe,2012,26.83415,23.53622,31.21394
MNE,Europe,2013,23.39572,20.91303,26.68928
MNE,Europe,2014,23.25985,20.8698,26.72252
MNE,Europe,2015,22.49954,20.12484,25.96624
MNE,Europe,2016,21.48403,19.21737,24.73053
MNE,Europe,2017,22.66356,20.08937,26.14771
MNE,Europe,2018,23.34584,20.79425,26.94355
MNE,Europe,2019,19.29617,17.34368,22.20367
MNG,Western Pacific,2010,45.20481,33.155,59.79518
MNG,Western Pacific,2011,51.57723,38.50291,69.82998
MNG,Western Pacific,2012,52.19057,37.71976,71.51769
MNG,Western Pacific,2013,48.76769,35.89755,64.56288
MNG,Western Pacific,2014,47.14049,33.7459,61.55994
MNG,Western Pacific,2015,47.78887,33.39006,62.15099
MNG,Western Pacific,2016,47.50225,34.59891,62.1428
MNG,Western Pacific,2017,45.49607,32.90698,58.99878
MNG,Western Pacific,2018,44.03985,33.31918,58.18684
MNG,Western Pacific,2019,41.30377,30.67706,53.49822
MOZ,Africa,2010,16.64926,8.54007,26.72765
MOZ,Africa,2011,16.31307,8.52878,26.08261
MOZ,Africa,2012,16.46958,8.518,26.44355
MOZ,Africa,2013,16.65098,8.54797,26.68697
MOZ,Africa,2014,16.6766,8.5956,26.76283
MOZ,Africa,2015,16.68126,8.58581,26.99214
MOZ,Africa,2016,16.42798,8.45844,26.13284
MOZ,Africa,2017,16.25737,8.49622,25.75279
MOZ,Africa,2018,16.6806,8.57494,26.76307
MOZ,Africa,2019,16.44818,8.55241,26.26218
MRT,Africa,2010,38.90393,16.39494,83.2929
MRT,Africa,2011,41.32036,17.17976,90.2002
MRT,Africa,2012,42.27807,17.50226,93.13001
MRT,Africa,2013,40.30183,17.0873,86.80444
MRT,Africa,2014,40.80888,17.22294,87.95827
MRT,Africa,2015,43.67907,18.10376,97.10238
MRT,Africa,2016,42.42518,17.8031,92.83677
MRT,Africa,2017,43.42366,18.13845,95.80472
MRT,Africa,2018,42.58011,17.93192,92.81238
MRT,Africa,2019,41.98461,17.85688,90.84156
MUS,Africa,2010,10.59822,8.41676,12.99015
MUS,Africa,2011,10.54148,8.34604,12.92011
MUS,Africa,2012,10.59407,8.40579,12.9808
MUS,Africa,2013,10.63984,8.45635,13.03456
MUS,Africa,2014,10.65525,8.47132,13.05127
MUS,Africa,2015,10.75079,8.58122,13.16543
MUS,Africa,2016,10.73204,8.5561,13.14062
MUS,Africa,2017,10.35147,8.1033,12.71869
MUS,Africa,2018,10.44866,8.2161,12.81849
MUS,Africa,2019,10.48182,8.2528,12.84361
MWI,Africa,2010,18.7213,6.23551,38.18315
MWI,Africa,2011,18.84669,6.24685,38.94072
MWI,Africa,2012,18.96952,6.25719,39.3039
MWI,Africa,2013,18.72721,6.2351,38.05944
MWI,Africa,2014,18.71457,6.22818,38.07161
MWI,Africa,2015,18.80413,6.2545,38.46345
MWI,Africa,2016,18.58392,6.21353,37.57074
MWI,Africa,2017,18.47615,6.18618,37.26178
MWI,Africa,2018,18.60764,6.2052,37.58493
MWI,Africa,2019,18.56954,6.19959,37.49268
MYS,Western Pacific,2010,22.67492,18.7714,26.86605
MYS,Western Pacific,2011,21.03622,18.48908,23.79259
MYS,Western Pacific,2012,22.27061,19.91963,24.64969
MYS,Western Pacific,2013,23.17544,20.90755,25.36832
MYS,Western Pacific,2014,20.80653,19.40707,22.51032
MYS,Western Pacific,2015,21.43982,19.58838,23.56801
MYS,Western Pacific,2016,22.88744,21.03182,24.96753
MYS,Western Pacific,2017,20.3758,18.69108,22.39125
MYS,Western Pacific,2018,20.49619,18.51389,22.75702
MYS,Western Pacific,2019,21.52164,20.55148,22.80059
NAM,Africa,2010,11.93522,6.18205,19.06079
NAM,Africa,2011,12.0992,6.18031,19.50358
NAM,Africa,2012,12.16913,6.19071,19.65392
NAM,Africa,2013,11.85483,6.23846,18.66553
NAM,Africa,2014,11.9326,6.24751,18.88578
NAM,Africa,2015,11.87753,6.25922,18.86858
NAM,Africa,2016,11.90338,6.2883,18.89484
NAM,Africa,2017,11.97733,6.30703,19.04216
NAM,Africa,2018,11.88239,6.31584,18.9277
NAM,Africa,2019,11.81074,6.3195,18.87753
NER,Africa,2010,49.54739,21.16752,98.6116
NER,Africa,2011,49.57459,21.24991,98.70857
NER,Africa,2012,49.83186,21.38548,99.26642
NER,Africa,2013,47.72282,21.15462,93.27779
NER,Africa,2014,48.79553,21.37908,96.196
NER,Africa,2015,52.86639,22.06723,107.86666
NER,Africa,2016,52.51137,22.05351,106.9769
NER,Africa,2017,52.41127,22.13731,106.83166
NER,Africa,2018,50.74433,21.94182,101.53981
NER,Africa,2019,50.15037,21.92214,99.90229
NGA,Africa,2010,52.84583,36.0805,72.37313
NGA,Africa,2011,53.70578,36.42047,73.87517
NGA,Africa,2012,54.53055,36.78116,75.26231
NGA,Africa,2013,52.88635,36.29004,72.43572
NGA,Africa,2014,53.95678,36.76377,74.10301
NGA,Africa,2015,57.2825,37.85859,79.98029
NGA,Africa,2016,57.1711,37.88991,79.66751
NGA,Africa,2017,57.45214,38.08303,80.08753
NGA,Africa,2018,56.52002,37.91622,78.34665
NGA,Africa,2019,55.64206,37.64324,76.87931
NIC,Americas,2010,19.92137,14.04378,28.77232
NIC,Americas,2011,20.95415,14.88261,29.13815
NIC,Americas,2012,20.1217,14.1393,28.39791
NIC,Americas,2013,21.2362,15.37232,29.78953
NIC,Americas,2014,20.25059,14.56766,28.62071
NIC,Americas,2015,20.60811,14.86942,29.79425
NIC,Americas,2016,19.55939,13.98802,28.61879
NIC,Americas,2017,18.43793,12.94028,25.85125
NIC,Americas,2018,17.24307,12.38411,24.82402
NIC,Americas,2019,16.00181,10.98196,21.95873
NIU,Western Pacific,2010,6.44213,3.17372,14.53907
NIU,Western Pacific,2011,6.34358,3.21478,13.48628
NIU,Western Pacific,2012,6.43149,3.16661,13.62585
NIU,Western Pacific,2013,6.40683,3.0916,13.70113
NIU,Western Pacific,2014,6.51817,3.1496,14.02243
NIU,Western Pacific,2015,6.52981,3.30694,12.79506
NIU,Western Pacific,2016,6.75023,3.3052,13.3064
NIU,Western Pacific,2017,6.64027,3.20959,13.58851
NIU,Western Pacific,2018,6.7349,3.01937,14.11023
NIU,Western Pacific,2019,6.74203,3.15229,13.16402
NLD,Europe,2010,15.01226,14.46826,15.59742
NLD,Europe,2011,15.53418,14.99215,16.13565
NLD,Europe,2012,13.74709,13.29174,14.20743
NLD,Europe,2013,13.19624,12.77277,13.72538
NLD,Europe,2014,12.48643,12.03507,12.99617
NLD,Europe,2015,12.58504,12.14621,13.08292
NLD,Europe,2016,11.59958,11.23409,11.98092
NLD,Europe,2017,11.62645,11.26751,12.02337
NLD,Europe,2018,11.48585,11.14088,11.96658
NLD,Europe,2019,10.7416,10.38725,11.13215
NOR,Europe,2010,7.86369,7.43527,8.25533
NOR,Europe,2011,8.32307,7.84728,8.76362
NOR,Europe,2012,7.32541,6.8952,7.72022
NOR,Europe,2013,7.13364,6.69931,7.49674
NOR,Europe,2014,6.61816,6.21391,6.95975
NOR,Europe,2015,6.8203,6.41712,7.17111
NOR,Europe,2016,6.32693,5.96654,6.64777
NOR,Europe,2017,6.36199,5.9888,6.69049
NOR,Europe,2018,6.33232,5.9844,6.66463
NOR,Europe,2019,6.30111,5.94914,6.6343
NPL,South-East Asia,2010,39.77933,32.79493,48.08036
NPL,South-East Asia,2011,39.48479,34.35761,46.97219
NPL,South-East Asia,2012,40.43541,35.00715,48.38455
NPL,South-East Asia,2013,41.79461,36.08686,49.79003
NPL,South-East Asia,2014,40.29809,34.88047,48.12009
NPL,South-East Asia,2015,39.81822,34.79185,47.30376
NPL,South-East Asia,2016,38.42945,33.37754,45.66264
NPL,South-East Asia,2017,36.76309,31.78571,43.85343
NPL,South-East Asia,2018,40.05945,34.8296,47.47566
NPL,South-East Asia,2019,36.43171,31.7147,42.97017
NRU,Western Pacific,2010,7.4968,3.02657,14.97738
NRU,Western Pacific,2011,7.57982,3.00903,14.9241
NRU,Western Pacific,2012,7.4037,3.0178,14.13657
NRU,Western Pacific,2013,7.37316,2.87855,14.43199
NRU,Western Pacific,2014,7.1829,2.78692,13.7217
NRU,Western Pacific,2015,7.27544,2.91245,13.2317
NRU,Western Pacific,2016,7.33435,2.8213,13.24611
NRU,Western Pacific,2017,7.44854,2.61358,13.37809
NRU,Western Pacific,2018,7.59188,2.70198,14.7979
NRU,Western Pacific,2019,7.40486,2.89087,14.43252
NZL,Western Pacific,2010,9.34902,8.414,10.18754
NZL,Western Pacific,2011,8.54013,7.66252,9.42892
NZL,Western Pacific,2012,7.67365,7.23541,8.15733
NZL,Western Pacific,2013,7.50781,7.13262,8.15124
NZL,Western Pacific,2014,7.19456,6.85401,7.60257
NZL,Western Pacific,2015,6.93597,6.53959,7.34618
NZL,Western Pacific,2016,6.90511,6.5587,7.25559
NZL,Western Pacific,2017,7.14232,6.74278,7.58455
NZL,Western Pacific,2018,7.44725,7.00667,7.97912
NZL,Western Pacific,2019,8.60929,8.11482,9.1131
OMN,Eastern Mediterranean,2010,35.53593,22.48632,58.20497
OMN,Eastern Mediterranean,2011,35.90277,22.60259,59.22641
OMN,Eastern Mediterranean,2012,36.9132,23.00219,61.41162
OMN,Eastern Mediterranean,2013,36.20723,22.68209,59.88937
OMN,Eastern Mediterranean,2014,34.69059,21.99148,56.82396
OMN,Eastern Mediterranean,2015,35.84203,22.52628,59.1005
OMN,Eastern Mediterranean,2016,35.53841,22.39989,58.39823
OMN,Eastern Mediterranean,2017,35.99423,22.66305,59.1281
OMN,Eastern Mediterranean,2018,36.67529,22.91051,60.7818
OMN,Eastern Mediterranean,2019,34.88286,22.12731,56.88761
PAK,Eastern Mediterranean,2010,56.40357,45.68369,69.2605
PAK,Eastern Mediterranean,2011,55.33722,45.47388,67.04151
PAK,Eastern Mediterranean,2012,56.29123,45.99875,68.60881
PAK,Eastern Mediterranean,2013,59.05498,48.06485,71.97563
PAK,Eastern Mediterranean,2014,56.2618,45.55286,69.02719
PAK,Eastern Mediterranean,2015,55.89503,45.37256,67.79877
PAK,Eastern Mediterranean,2016,53.65099,43.87565,65.4513
PAK,Eastern Mediterranean,2017,51.97565,42.55322,62.73509
PAK,Eastern Mediterranean,2018,56.50438,46.53006,68.6939
PAK,Eastern Mediterranean,2019,50.13067,41.09837,59.96148
PAN,Americas,2010,14.12765,10.486,17.84568
PAN,Americas,2011,14.78085,10.91014,19.08976
PAN,Americas,2012,14.52209,10.42,18.81676
PAN,Americas,2013,15.21319,11.10753,19.10755
PAN,Americas,2014,14.51812,10.54374,18.69767
PAN,Americas,2015,14.86951,10.70275,18.76481
PAN,Americas,2016,14.03824,10.25996,17.84878
PAN,Americas,2017,13.38493,9.68015,17.04775
PAN,Americas,2018,12.37203,8.98903,15.85925
PAN,Americas,2019,11.77915,8.45551,15.12566
PER,Americas,2010,29.59087,23.01205,38.51786
PER,Americas,2011,28.47326,22.38318,35.97425
PER,Americas,2012,29.99227,23.68116,37.68687
PER,Americas,2013,30.46651,23.91335,39.70953
PER,Americas,2014,31.47109,24.9451,41.14047
PER,Americas,2015,30.28824,23.88527,38.53675
PER,Americas,2016,29.48786,22.69985,37.50371
PER,Americas,2017,27.75851,21.20036,36.00919
PER,Americas,2018,28.81163,22.26174,36.99731
PER,Americas,2019,29.06587,22.2001,38.42181
PHL,Western Pacific,2010,23.81843,20.00283,29.63852
PHL,Western Pacific,2011,22.13145,18.15793,26.56163
PHL,Western Pacific,2012,23.35276,19.89016,26.80554
PHL,Western Pacific,2013,24.20666,20.57429,28.36047
PHL,Western Pacific,2014,21.54303,18.51304,24.82628
PHL,Western Pacific,2015,22.05308,18.54593,25.3003
PHL,Western Pacific,2016,23.90306,20.43047,26.5448
PHL,Western Pacific,2017,21.62402,18.60763,24.8266
PHL,Western Pacific,2018,21.51733,17.94289,24.82572
PHL,Western Pacific,2019,22.45141,19.16015,25.91234
PLW,Western Pacific,2010,7.22831,2.85857,17.57003
PLW,Western Pacific,2011,7.60687,3.10798,18.45766
PLW,Western Pacific,2012,7.77952,2.88333,17.45007
PLW,Western Pacific,2013,7.77074,2.88382,19.07808
PLW,Western Pacific,2014,7.75975,2.85324,18.62048
PLW,Western Pacific,2015,8.01579,3.00284,18.78435
PLW,Western Pacific,2016,7.58828,2.79118,16.20298
PLW,Western Pacific,2017,7.49994,2.72419,16.52762
PLW,Western Pacific,2018,7.77358,2.70346,16.5893
PLW,Western Pacific,2019,7.82424,2.92714,17.41972
PNG,Western Pacific,2010,8.65084,2.76593,19.04346
PNG,Western Pacific,2011,8.27803,3.00666,20.12927
PNG,Western Pacific,2012,8.38956,2.98464,20.77899
PNG,Western Pacific,2013,8.38809,2.85336,20.37914
PNG,Western Pacific,2014,8.38693,3.02653,20.12882
PNG,Western Pacific,2015,8.96576,3.33522,20.82443
PNG,Western Pacific,2016,8.68582,3.19374,19.98579
PNG,Western Pacific,2017,8.8705,3.08986,20.03146
PNG,Western Pacific,2018,8.92571,3.1543,19.98135
PNG,Western Pacific,2019,8.88558,3.18037,19.45226
POL,Europe,2010,26.32189,25.68319,27.04596
POL,Europe,2011,27.01823,26.38234,27.56379
POL,Europe,2012,24.46697,23.95769,24.92381
POL,Europe,2013,23.36101,22.93261,23.93311
POL,Europe,2014,23.45474,22.99847,23.91223
POL,Europe,2015,22.58791,22.08768,23.19435
POL,Europe,2016,21.34448,20.81073,21.81403
POL,Europe,2017,21.9609,21.36264,22.41861
POL,Europe,2018,22.51081,21.99455,23.05232
POL,Europe,2019,18.82808,18.40421,19.19695
PRK,South-East Asia,2010,50.40548,37.98226,65.52334
PRK,South-East Asia,2011,55.17787,40.70867,72.45299
PRK,South-East Asia,2012,56.46034,43.07712,73.64288
PRK,South-East Asia,2013,68.48237,50.82543,87.86215
PRK,South-East Asia,2014,60.0937,45.31046,77.31496
PRK,South-East Asia,2015,56.44233,42.69394,72.96409
PRK,South-East Asia,2016,51.03666,38.55879,66.24984
PRK,South-East Asia,2017,50.32324,38.00685,65.01809
PRK,South-East Asia,2018,43.532,33.03798,56.34065
PRK,South-East Asia,2019,41.46032,31.42461,53.61363
PRT,Europe,2010,10.54772,10.15494,10.86935
PRT,Europe,2011,10.67923,10.26914,11.06746
PRT,Europe,2012,9.43022,9.08995,9.74469
PRT,Europe,2013,9.44265,9.10216,9.76448
PRT,Europe,2014,7.8954,7.59955,8.11892
PRT,Europe,2015,8.67534,8.36788,8.92925
PRT,Europe,2016,8.41931,8.12207,8.70878
PRT,Europe,2017,9.03849,8.6954,9.35431
PRT,Europe,2018,7.89586,7.61127,8.15129
PRT,Europe,2019,7.34244,7.10357,7.5747
PRY,Americas,2010,16.36973,12.268,23.86811
PRY,Americas,2011,15.8887,11.97168,23.18896
PRY,Americas,2012,15.26003,11.528,22.36538
PRY,Americas,2013,14.33518,10.82851,21.3056
PRY,Americas,2014,14.08261,10.56223,20.97179
PRY,Americas,2015,13.00169,9.89004,18.99388
PRY,Americas,2016,13.26532,10.02703,19.43419
PRY,Americas,2017,16.35836,12.53265,23.9161
PRY,Americas,2018,12.1112,9.07199,17.64068
PRY,Americas,2019,12.30993,9.31927,17.95019
PSE,Eastern Mediterranean,2010,29.4186,21.04017,39.8329
PSE,Eastern Mediterranean,2011,28.7703,20.73937,38.88985
PSE,Eastern Mediterranean,2012,29.45407,21.06542,39.86351
PSE,Eastern Mediterranean,2013,29.84821,21.25133,40.46237
PSE,Eastern Mediterranean,2014,30.03145,21.34173,40.76739
PSE,Eastern Mediterranean,2015,30.4868,21.55957,41.48623
PSE,Eastern Mediterranean,2016,30.29228,21.47173,41.18814
PSE,Eastern Mediterranean,2017,29.81358,21.26074,40.28298
PSE,Eastern Mediterranean,2018,30.51881,21.59247,41.41551
PSE,Eastern Mediterranean,2019,30.8191,21.73442,41.91581
QAT,Eastern Mediterranean,2010,64.27163,49.20683,77.33676
QAT,Eastern Mediterranean,2011,63.84025,48.84191,76.71757
QAT,Eastern Mediterranean,2012,63.83774,48.86788,76.69489
QAT,Eastern Mediterranean,2013,61.36537,47.49435,73.19581
QAT,Eastern Mediterranean,2014,58.29297,45.19922,69.16846
QAT,Eastern Mediterranean,2015,65.9073,50.27941,79.53372
QAT,Eastern Mediterranean,2016,61.29524,47.48756,73.16184
QAT,Eastern Mediterranean,2017,63.11193,48.57697,75.64453
QAT,Eastern Mediterranean,2018,62.6647,48.35637,75.02082
QAT,Eastern Mediterranean,2019,59.03746,45.74071,70.19674
ROU,Europe,2010,18.05504,17.41938,18.65196
ROU,Europe,2011,18.67849,17.97155,19.27966
ROU,Europe,2012,16.96099,16.25189,17.5574
ROU,Europe,2013,15.95671,15.35081,16.4411
ROU,Europe,2014,15.96018,15.41786,16.52268
ROU,Europe,2015,15.41342,14.83141,16.07208
ROU,Europe,2016,14.84775,14.12884,15.49082
ROU,Europe,2017,15.3241,14.58222,15.94016
ROU,Europe,2018,15.59612,14.80166,16.43284
ROU,Europe,2019,13.30043,12.55027,14.09724
RUS,Europe,2010,11.8813,9.67118,14.68425
RUS,Europe,2011,10.52571,8.32023,13.18884
RUS,Europe,2012,10.22086,8.3109,12.29654
RUS,Europe,2013,10.46019,8.39758,12.97377
RUS,Europe,2014,10.79947,8.77586,13.19306
RUS,Europe,2015,9.48913,7.70295,11.56542
RUS,Europe,2016,8.71282,7.07069,11.02567
RUS,Europe,2017,8.38309,6.80357,10.39721
RUS,Europe,2018,9.22426,7.62076,11.24895
RUS,Europe,2019,8.88468,7.30639,10.84504
RWA,Africa,2010,34.39619,11.86233,69.01577
RWA,Africa,2011,34.80846,11.88801,70.35329
RWA,Africa,2012,35.33117,11.91846,71.9847
RWA,Africa,2013,34.87908,11.92439,70.42173
RWA,Africa,2014,34.9263,11.94006,70.44967
RWA,Africa,2015,34.68945,11.95406,69.69926
RWA,Africa,2016,34.97191,11.98166,70.573
RWA,Africa,2017,34.7134,11.99518,69.78996
RWA,Africa,2018,34.91829,12.01496,70.4185
RWA,Africa,2019,35.65776,12.05254,72.85885
SAU,Eastern Mediterranean,2010,56.55127,40.0669,74.43287
SAU,Eastern Mediterranean,2011,56.6517,39.92496,75.11008
SAU,Eastern Mediterranean,2012,58.60077,41.55355,77.34657
SAU,Eastern Mediterranean,2013,57.09528,40.32735,75.5196
SAU,Eastern Mediterranean,2014,52.95536,37.07522,70.03076
SAU,Eastern Mediterranean,2015,58.47575,41.37294,77.34268
SAU,Eastern Mediterranean,2016,55.75664,39.29154,73.51136
SAU,Eastern Mediterranean,2017,58.46789,41.36972,77.10368
SAU,Eastern Mediterranean,2018,58.30433,41.14879,77.32955
SAU,Eastern Mediterranean,2019,57.15638,40.08529,76.03679
SDN,Eastern Mediterranean,2010,22.00686,11.09078,40.44116
SDN,Eastern Mediterranean,2011,22.61182,11.19224,41.83424
SDN,Eastern Mediterranean,2012,22.60951,11.21489,41.75525
SDN,Eastern Mediterranean,2013,21.93584,11.1145,40.2524
SDN,Eastern Mediterranean,2014,21.39796,10.99451,39.09199
SDN,Eastern Mediterranean,2015,22.55149,11.1908,41.68361
SDN,Eastern Mediterranean,2016,22.41052,11.15473,41.24092
SDN,Eastern Mediterranean,2017,22.73444,11.21904,41.88522
SDN,Eastern Mediterranean,2018,21.88573,11.08098,39.88121
SDN,Eastern Mediterranean,2019,21.42613,11.00884,38.90852
SEAR,,2010,47.65426,43.69906,51.51935
SEAR,,2011,47.31515,45.18162,49.46708
SEAR,,2012,48.1556,46.58019,50.16192
SEAR,,2013,50.35609,48.16563,52.70839
SEAR,,2014,47.99703,46.10054,50.07872
SEAR,,2015,47.7425,45.89646,49.87614
SEAR,,2016,46.11154,44.42593,48.00177
SEAR,,2017,44.26394,42.86644,46.03661
SEAR,,2018,47.47836,45.73621,49.59158
SEAR,,2019,43.59033,42.01163,45.44101
SEN,Africa,2010,36.73364,21.18505,55.40315
SEN,Africa,2011,37.61465,21.51122,56.49995
SEN,Africa,2012,38.97932,22.00887,58.20181
SEN,Africa,2013,36.88208,21.42204,55.4259
SEN,Africa,2014,37.6937,21.68567,56.60447
SEN,Africa,2015,39.90025,22.4264,59.44113
SEN,Africa,2016,38.67131,22.09644,57.89647
SEN,Africa,2017,39.88987,22.51736,59.51323
SEN,Africa,2018,39.07941,22.32002,58.43738
SEN,Africa,2019,38.21284,22.10697,57.28588
SGP,Western Pacific,2010,16.89388,13.1344,22.24698
SGP,Western Pacific,2011,16.53947,13.08313,21.93477
SGP,Western Pacific,2012,15.20339,11.8205,20.11791
SGP,Western Pacific,2013,16.58208,12.9125,21.85361
SGP,Western Pacific,2014,16.62945,12.97835,21.92118
SGP,Western Pacific,2015,16.15997,12.6063,21.25251
SGP,Western Pacific,2016,15.48455,12.03162,20.4575
SGP,Western Pacific,2017,14.23202,11.17787,18.67233
SGP,Western Pacific,2018,13.12328,10.3392,17.26146
SGP,Western Pacific,2019,13.33302,10.54192,17.56285
SLB,Western Pacific,2010,7.41903,2.33858,14.43096
SLB,Western Pacific,2011,7.37153,2.64041,14.75282
SLB,Western Pacific,2012,7.42724,2.64124,14.70426
SLB,Western Pacific,2013,7.54031,2.47698,14.86859
SLB,Western Pacific,2014,7.61513,2.83765,14.67402
SLB,Western Pacific,2015,7.85858,2.85398,14.45147
SLB,Western Pacific,2016,7.75892,2.8398,13.39372
SLB,Western Pacific,2017,7.79642,2.76176,13.71735
SLB,Western Pacific,2018,7.94788,2.56339,14.46863
SLB,Western Pacific,2019,7.8289,2.86279,14.99982
SLE,Africa,2010,36.32017,17.28863,67.58161
SLE,Africa,2011,37.26171,17.42039,69.62435
SLE,Africa,2012,41.09574,18.0474,79.67069
SLE,Africa,2013,37.75351,17.5141,70.62664
SLE,Africa,2014,40.53461,17.94334,77.68701
SLE,Africa,2015,42.52948,18.2611,84.2228
SLE,Africa,2016,40.62177,18.01364,77.8118
SLE,Africa,2017,40.24941,17.9519,77.68396
SLE,Africa,2018,39.46253,17.81673,75.49215
SLE,Africa,2019,39.4217,17.81869,74.98595
SLV,Americas,2010,26.92661,17.69923,39.57994
SLV,Americas,2011,28.312,18.7439,40.85986
SLV,Americas,2012,26.85603,17.94666,38.66407
SLV,Americas,2013,28.60984,19.20355,40.93536
SLV,Americas,2014,27.04093,18.48632,38.55018
SLV,Americas,2015,27.18434,18.20303,39.57966
SLV,Americas,2016,26.44211,16.98043,37.82924
SLV,Americas,2017,24.93845,17.71398,35.21751
SLV,Americas,2018,23.35659,15.28078,32.98315
SLV,Americas,2019,22.15224,14.49191,31.82387
SMR,Europe,2010,13.01652,10.83061,15.29969
SMR,Europe,2011,13.43533,11.20228,15.77099
SMR,Europe,2012,12.11762,10.11622,14.14148
SMR,Europe,2013,11.72033,9.78385,13.6946
SMR,Europe,2014,10.99926,9.20381,12.88791
SMR,Europe,2015,11.41735,9.51514,13.38227
SMR,Europe,2016,10.32921,8.58754,12.07637
SMR,Europe,2017,10.55104,8.78243,12.32673
SMR,Europe,2018,10.80798,8.97859,12.68513
SMR,Europe,2019,9.84868,8.20978,11.52696
SOM,Eastern Mediterranean,2010,14.3522,7.55155,24.40359
SOM,Eastern Mediterranean,2011,14.47293,7.55214,24.64028
SOM,Eastern Mediterranean,2012,14.60625,7.56304,24.89707
SOM,Eastern Mediterranean,2013,14.26601,7.57097,24.2003
SOM,Eastern Mediterranean,2014,14.25288,7.57332,24.25647
SOM,Eastern Mediterranean,2015,14.22371,7.58278,24.2019
SOM,Eastern Mediterranean,2016,14.39752,7.60393,24.55048
SOM,Eastern Mediterranean,2017,14.49673,7.61684,24.74203
SOM,Eastern Mediterranean,2018,14.4512,7.6357,24.56409
SOM,Eastern Mediterranean,2019,14.27733,7.64543,24.24835
SRB,Europe,2010,29.42471,27.10844,31.44039
SRB,Europe,2011,30.67586,28.40559,32.68086
SRB,Europe,2012,27.87856,25.82576,29.70509
SRB,Europe,2013,26.16852,23.97946,27.9922
SRB,Europe,2014,26.27462,24.20247,28.00208
SRB,Europe,2015,25.33298,23.38327,26.99742
SRB,Europe,2016,24.24702,22.39572,25.81548
SRB,Europe,2017,24.95485,23.0031,26.62707
SRB,Europe,2018,25.86499,23.85324,27.55837
SRB,Europe,2019,21.73909,20.19741,23.13794
SSD,Africa,2010,21.21051,10.77118,40.27357
SSD,Africa,2011,21.82681,10.99874,42.27411
SSD,Africa,2012,21.91677,11.01885,42.38265
SSD,Africa,2013,21.54355,10.96556,40.55918
SSD,Africa,2014,21.23758,10.89195,39.66347
SSD,Africa,2015,22.0609,11.03613,41.79608
SSD,Africa,2016,22.37394,11.1239,42.2757
SSD,Africa,2017,21.63901,10.98041,39.86883
SSD,Africa,2018,21.9397,10.95454,40.48385
SSD,Africa,2019,20.18219,10.44607,34.95243
STP,Africa,2010,31.73907,16.45756,54.4449
STP,Africa,2011,32.57917,16.79519,56.07908
STP,Africa,2012,33.15825,17.01499,57.20169
STP,Africa,2013,32.41367,16.69532,55.75298
STP,Africa,2014,32.11853,16.56398,55.17861
STP,Africa,2015,33.99913,17.32048,58.8351
STP,Africa,2016,34.44868,17.47759,59.82908
STP,Africa,2017,33.6171,17.13822,58.09157
STP,Africa,2018,33.8403,17.21149,58.52308
STP,Africa,2019,33.74991,17.15764,58.3449
SUR,Americas,2010,11.35987,5.97589,18.55823
SUR,Americas,2011,11.12067,5.89589,17.41141
SUR,Americas,2012,11.85823,6.80216,18.53696
SUR,Americas,2013,11.46335,6.41484,18.09079
SUR,Americas,2014,12.23399,6.69568,19.32879
SUR,Americas,2015,12.95795,7.31234,20.28257
SUR,Americas,2016,12.90374,7.6157,19.35231
SUR,Americas,2017,13.30251,7.73213,21.33778
SUR,Americas,2018,12.7537,6.81725,21.25774
SUR,Americas,2019,12.17056,6.80834,18.68709
SVK,Europe,2010,21.69566,20.5814,22.79762
SVK,Europe,2011,22.65742,21.59899,23.72857
SVK,Europe,2012,20.27122,19.37212,21.22796
SVK,Europe,2013,19.47218,18.35902,20.32851
SVK,Europe,2014,19.52392,18.57335,20.47407
SVK,Europe,2015,19.04978,18.12458,20.10083
SVK,Europe,2016,17.98092,17.12609,18.85925
SVK,Europe,2017,18.4938,17.58021,19.44149
SVK,Europe,2018,19.07598,18.20067,20.0861
SVK,Europe,2019,15.89146,15.15177,16.68683
SVN,Europe,2010,19.68829,18.56774,20.79708
SVN,Europe,2011,20.54985,19.5131,21.69805
SVN,Europe,2012,18.73253,17.84836,19.7453
SVN,Europe,2013,17.98375,17.06171,19.10929
SVN,Europe,2014,17.91433,17.0576,18.96753
SVN,Europe,2015,17.55293,16.67793,18.39272
SVN,Europe,2016,16.73609,15.93069,17.83379
SVN,Europe,2017,17.08411,16.1587,18.05481
SVN,Europe,2018,17.77099,16.8106,18.74289
SVN,Europe,2019,14.07638,13.35639,14.89909
SWE,Europe,2010,7.51618,7.17252,7.8761
SWE,Europe,2011,7.75897,7.40716,8.10647
SWE,Europe,2012,6.90251,6.6029,7.23662
SWE,Europe,2013,6.61276,6.30935,6.91358
SWE,Europe,2014,6.2991,6.03485,6.60936
SWE,Europe,2015,6.37266,6.0978,6.68284
SWE,Europe,2016,5.87894,5.63582,6.16997
SWE,Europe,2017,5.92993,5.65578,6.18371
SWE,Europe,2018,6.09387,5.81619,6.37115
SWE,Europe,2019,5.95539,5.70299,6.2227
SWZ,Africa,2010,14.96722,10.50528,19.7863
SWZ,Africa,2011,14.71019,10.28919,19.41556
SWZ,Africa,2012,14.74831,10.31785,19.47531
SWZ,Africa,2013,14.89782,10.43719,19.69455
SWZ,Africa,2014,15.05071,10.56394,20.0005
SWZ,Africa,2015,14.82998,10.3718,19.602
SWZ,Africa,2016,14.5759,10.15982,19.25921
SWZ,Africa,2017,14.77646,10.31907,19.52846
SWZ,Africa,2018,14.94766,10.46022,19.78324
SWZ,Africa,2019,15.07308,10.5621,20.00738
SYC,Africa,2010,17.8967,12.77641,24.40574
SYC,Africa,2011,16.78684,12.10186,22.57743
SYC,Africa,2012,17.82111,12.73157,25.32339
SYC,Africa,2013,18.27263,12.96156,26.18158
SYC,Africa,2014,16.23041,11.43934,22.24957
SYC,Africa,2015,16.50973,11.80029,23.79329
SYC,Africa,2016,18.15396,13.13229,25.54017
SYC,Africa,2017,16.36962,12.14113,23.0196
SYC,Africa,2018,16.48274,11.8017,23.58558
SYC,Africa,2019,16.95663,12.23341,23.36826
SYR,Eastern Mediterranean,2010,25.07604,20.66145,30.34938
SYR,Eastern Mediterranean,2011,24.6198,20.36901,29.69263
SYR,Eastern Mediterranean,2012,24.69551,20.39433,29.7863
SYR,Eastern Mediterranean,2013,24.45901,20.23177,29.48575
SYR,Eastern Mediterranean,2014,24.12911,19.95351,29.07867
SYR,Eastern Mediterranean,2015,24.75272,20.41686,29.89003
SYR,Eastern Mediterranean,2016,24.43168,20.20908,29.46405
SYR,Eastern Mediterranean,2017,24.82528,20.44881,30.00918
SYR,Eastern Mediterranean,2018,25.1301,20.67846,30.40906
SYR,Eastern Mediterranean,2019,25.14079,20.69388,30.40809
TCD,Africa,2010,41.64312,22.569,70.39636
TCD,Africa,2011,42.20619,22.90451,71.73499
TCD,Africa,2012,43.04271,23.25001,74.02801
TCD,Africa,2013,40.62418,22.15586,68.33155
TCD,Africa,2014,41.04188,22.36165,69.30671
TCD,Africa,2015,44.4972,23.96711,77.63577
TCD,Africa,2016,44.48747,24.04738,77.42553
TCD,Africa,2017,44.35547,23.94832,76.95854
TCD,Africa,2018,42.60818,23.15854,72.55392
TCD,Africa,2019,41.15263,22.52242,69.383
TGO,Africa,2010,34.98097,21.02888,57.33375
TGO,Africa,2011,35.81539,21.14727,58.42748
TGO,Africa,2012,35.95685,21.22799,58.49162
TGO,Africa,2013,34.79041,21.17753,55.98182
TGO,Africa,2014,34.92123,21.2771,56.48288
TGO,Africa,2015,38.24957,21.30765,61.60268
TGO,Africa,2016,37.52358,21.45123,61.07662
TGO,Africa,2017,37.25126,21.55526,60.41787
TGO,Africa,2018,36.83061,21.64644,59.12274
TGO,Africa,2019,35.65757,21.70925,56.78226
THA,South-East Asia,2010,26.36311,22.69149,30.87825
THA,South-East Asia,2011,24.16447,21.26643,27.06458
THA,South-East Asia,2012,25.65632,22.88834,28.39512
THA,South-East Asia,2013,26.61528,24.17688,29.72784
THA,South-East Asia,2014,23.6639,21.48728,25.41024
THA,South-East Asia,2015,24.10254,22.07477,26.33574
THA,South-East Asia,2016,26.42045,24.16391,28.98781
THA,South-East Asia,2017,23.54318,21.44992,25.89223
THA,South-East Asia,2018,23.68253,21.54907,26.71702
THA,South-East Asia,2019,24.63927,22.75113,26.41534
TJK,Europe,2010,63.40423,42.51407,96.55936
TJK,Europe,2011,71.80428,49.26371,104.57865
TJK,Europe,2012,71.50028,48.37531,102.85536
TJK,Europe,2013,67.16655,44.21138,93.68834
TJK,Europe,2014,63.46351,44.21588,91.4481
TJK,Europe,2015,63.27915,43.86136,91.63811
TJK,Europe,2016,62.72654,42.52131,90.40866
TJK,Europe,2017,59.38627,40.91561,86.56891
TJK,Europe,2018,58.57753,38.9251,82.45997
TJK,Europe,2019,53.64558,38.18363,76.74753
TKM,Europe,2010,31.48364,19.67272,50.56655
TKM,Europe,2011,35.85101,22.57975,54.62602
TKM,Europe,2012,35.59832,21.48234,53.15561
TKM,Europe,2013,33.52481,22.0374,47.84976
TKM,Europe,2014,31.92663,19.36211,45.71452
TKM,Europe,2015,31.44058,19.35924,43.67909
TKM,Europe,2016,31.22765,20.27164,45.48019
TKM,Europe,2017,29.49465,18.19736,41.70058
TKM,Europe,2018,29.17182,18.37332,41.59091
TKM,Europe,2019,26.40925,17.34856,38.92722
TLS,South-East Asia,2010,20.7535,8.18195,40.31122
TLS,South-East Asia,2011,19.57411,8.09286,39.36741
TLS,South-East Asia,2012,20.7288,8.8656,41.52821
TLS,South-East Asia,2013,21.11583,9.02244,43.72451
TLS,South-East Asia,2014,19.27231,8.36675,39.00002
TLS,South-East Asia,2015,19.42989,8.40686,38.73272
TLS,South-East Asia,2016,21.20142,9.20422,42.96093
TLS,South-East Asia,2017,19.49366,8.42096,38.46413
TLS,South-East Asia,2018,19.65762,8.94494,39.42813
TLS,South-East Asia,2019,20.47387,9.0238,42.19113
TON,Western Pacific,2010,7.14405,4.1709,12.41596
TON,Western Pacific,2011,7.05185,4.15171,12.98678
TON,Western Pacific,2012,7.1031,4.19718,13.16075
TON,Western Pacific,2013,7.09433,4.11293,12.81514
TON,Western Pacific,2014,7.20356,4.22621,12.26334
TON,Western Pacific,2015,7.25668,4.44645,12.61111
TON,Western Pacific,2016,7.39788,4.28702,12.8959
TON,Western Pacific,2017,7.38038,4.06487,12.418
TON,Western Pacific,2018,7.46988,3.85787,12.83091
TON,Western Pacific,2019,7.52079,4.22125,12.60736
TTO,Americas,2010,9.79285,7.68108,12.92368
TTO,Americas,2011,9.44151,7.05641,11.69401
TTO,Americas,2012,9.97297,7.55638,11.90978
TTO,Americas,2013,9.79067,7.69235,11.98694
TTO,Americas,2014,10.34355,7.7778,12.70892
TTO,Americas,2015,10.94219,8.22609,13.30861
TTO,Americas,2016,10.95355,8.26352,13.33871
TTO,Americas,2017,11.27068,8.66393,13.49177
TTO,Americas,2018,10.71643,8.20671,13.07298
TTO,Americas,2019,10.26482,7.92725,12.59376
TUN,Eastern Mediterranean,2010,26.67751,17.91653,37.8644
TUN,Eastern Mediterranean,2011,25.54363,17.38791,35.86599
TUN,Eastern Mediterranean,2012,25.40391,17.34455,35.63593
TUN,Eastern Mediterranean,2013,25.75134,17.46978,36.23573
TUN,Eastern Mediterranean,2014,27.01053,18.14759,38.35766
TUN,Eastern Mediterranean,2015,26.13071,17.71642,36.8022
TUN,Eastern Mediterranean,2016,27.58332,18.43603,39.34779
TUN,Eastern Mediterranean,2017,26.13183,17.73387,36.83604
TUN,Eastern Mediterranean,2018,27.21906,18.26531,38.58729
TUN,Eastern Mediterranean,2019,26.52402,17.91837,37.36895
TUR,Europe,2010,23.73719,22.29003,25.1394
TUR,Europe,2011,23.27972,21.87149,24.62022
TUR,Europe,2012,22.7553,21.41267,23.94589
TUR,Europe,2013,23.0713,21.68781,24.34531
TUR,Europe,2014,22.85719,21.52234,24.06537
TUR,Europe,2015,22.95707,21.58388,24.20233
TUR,Europe,2016,22.53114,21.2565,23.6522
TUR,Europe,2017,22.88792,21.53374,24.08405
TUR,Europe,2018,23.28703,21.85652,24.59719
TUR,Europe,2019,23.25106,21.82691,24.54741
TUV,Western Pacific,2010,6.76436,2.95856,13.29012
TUV,Western Pacific,2011,6.94843,2.84514,13.33193
TUV,Western Pacific,2012,6.86974,2.95436,13.43109
TUV,Western Pacific,2013,6.81201,2.96514,12.43473
TUV,Western Pacific,2014,6.78081,2.70277,12.70843
TUV,Western Pacific,2015,6.94864,2.7917,12.70115
TUV,Western Pacific,2016,6.69649,2.607,13.64766
TUV,Western Pacific,2017,6.84562,2.5591,13.58221
TUV,Western Pacific,2018,6.93967,2.52112,13.67584
TUV,Western Pacific,2019,6.80654,2.58949,13.49327
TZA,Africa,2010,15.45167,10.72778,22.90161
TZA,Africa,2011,15.32795,10.77399,22.68368
TZA,Africa,2012,15.55412,10.88422,23.07024
TZA,Africa,2013,15.36198,10.82653,22.7086
TZA,Africa,2014,15.34867,10.82977,22.69723
TZA,Africa,2015,15.59429,10.98756,23.11868
TZA,Africa,2016,15.60301,11.03631,23.10246
TZA,Africa,2017,15.19631,10.62843,22.30837
TZA,Africa,2018,15.4112,10.88515,22.66237
TZA,Africa,2019,15.36389,10.79402,22.53493
UGA,Africa,2010,31.29329,19.7595,47.03477
UGA,Africa,2011,31.4937,19.87866,47.36363
UGA,Africa,2012,32.14039,20.13814,48.643
UGA,Africa,2013,31.79322,20.01345,47.93098
UGA,Africa,2014,31.42753,19.85634,47.24931
UGA,Africa,2015,31.65182,19.97599,47.63427
UGA,Africa,2016,32.08328,20.13279,48.47704
UGA,Africa,2017,31.27824,19.72924,46.85868
UGA,Africa,2018,31.72916,20.01075,47.68571
UGA,Africa,2019,31.31261,19.78991,46.6921
UKR,Europe,2010,17.81272,13.50131,24.119
UKR,Europe,2011,16.5497,12.42255,22.7371
UKR,Europe,2012,15.61071,11.53518,20.98081
UKR,Europe,2013,15.98508,12.20506,21.9473
UKR,Europe,2014,16.58483,12.50355,22.9645
UKR,Europe,2015,14.66802,10.95252,19.90991
UKR,Europe,2016,13.33379,9.88756,18.37726
UKR,Europe,2017,12.93489,9.41524,17.79855
UKR,Europe,2018,14.23927,10.76129,19.96802
UKR,Europe,2019,13.50727,10.04503,18.448
UNKNOWN,,2010,16.05075,13.02015,19.43633
UNKNOWN,,2011,15.92722,12.96458,19.33726
UNKNOWN,,2012,16.29576,13.28733,19.81493
UNKNOWN,,2013,16.41075,13.22665,20.07852
UNKNOWN,,2014,16.62723,13.41702,20.32519
UNKNOWN,,2015,17.20529,13.84931,21.07551
UNKNOWN,,2016,17.06711,13.73429,21.02349
UNKNOWN,,2017,17.16915,13.96459,20.93507
UNKNOWN,,2018,17.37648,13.79769,21.26571
UNKNOWN,,2019,17.31527,13.77445,21.41643
URY,Americas,2010,9.18128,6.96424,11.5638
URY,Americas,2011,9.19783,7.01686,11.79661
URY,Americas,2012,9.034,6.78103,11.22418
URY,Americas,2013,9.72178,7.51592,12.06226
URY,Americas,2014,9.51708,7.32775,11.99796
URY,Americas,2015,9.90392,7.66084,12.44646
URY,Americas,2016,9.74647,7.55056,12.17017
URY,Americas,2017,9.27199,6.9353,12.01708
URY,Americas,2018,8.81777,6.56124,11.42837
URY,Americas,2019,8.47571,6.66688,10.70087
USA,Americas,2010,9.28664,9.14327,9.42302
USA,Americas,2011,9.36109,9.23537,9.48815
USA,Americas,2012,9.07419,8.93093,9.2456
USA,Americas,2013,8.75496,8.64022,8.87399
USA,Americas,2014,8.62258,8.47744,8.77361
USA,Americas,2015,8.31036,8.21013,8.42937
USA,Americas,2016,7.54403,7.43822,7.62646
USA,Americas,2017,7.95602,7.8404,8.09071
USA,Americas,2018,8.13413,7.99943,8.25296
USA,Americas,2019,7.17987,7.0686,7.28272
UZB,Europe,2010,48.51926,34.87633,72.02207
UZB,Europe,2011,55.09954,37.0314,81.11921
UZB,Europe,2012,54.87665,38.94333,79.13336
UZB,Europe,2013,51.60295,35.92738,75.94633
UZB,Europe,2014,48.70482,35.73613,68.14162
UZB,Europe,2015,48.46156,35.69161,68.97065
UZB,Europe,2016,48.09068,33.45841,72.05419
UZB,Europe,2017,45.48117,32.02345,67.5949
UZB,Europe,2018,44.62058,32.57092,63.49979
UZB,Europe,2019,40.97948,29.82898,57.12111
VCT,Americas,2010,8.85366,5.58267,12.01205
VCT,Americas,2011,8.74973,5.39965,12.04939
VCT,Americas,2012,9.23302,6.2264,12.64898
VCT,Americas,2013,8.97443,6.06026,12.00492
VCT,Americas,2014,9.55157,6.33839,12.70111
VCT,Americas,2015,10.09276,6.83315,13.66608
VCT,Americas,2016,10.05366,6.82608,14.50096
VCT,Americas,2017,10.49894,7.11026,14.74118
VCT,Americas,2018,9.94237,7.11097,14.5547
VCT,Americas,2019,9.41283,6.18131,13.21332
VEN,Americas,2010,20.66606,14.59981,28.31582
VEN,Americas,2011,20.71004,15.07835,27.27066
VEN,Americas,2012,19.87092,14.90037,26.76358
VEN,Americas,2013,21.0044,15.35229,28.54679
VEN,Americas,2014,19.83872,14.5586,26.04336
VEN,Americas,2015,20.12396,14.42063,27.06401
VEN,Americas,2016,19.64719,14.05972,26.59391
VEN,Americas,2017,18.70915,13.7075,25.60608
VEN,Americas,2018,17.06222,12.49643,22.83628
VEN,Americas,2019,16.21392,11.54636,21.75661
VNM,Western Pacific,2010,22.36823,16.92947,27.87
VNM,Western Pacific,2011,20.67487,16.30723,24.56072
VNM,Western Pacific,2012,21.67103,17.43523,25.62555
VNM,Western Pacific,2013,22.62388,18.20533,26.60789
VNM,Western Pacific,2014,20.07941,16.05826,23.8354
VNM,Western Pacific,2015,20.46553,16.10585,24.56006
VNM,Western Pacific,2016,22.37486,17.96318,26.82913
VNM,Western Pacific,2017,20.09941,16.27475,23.81945
VNM,Western Pacific,2018,20.09202,16.58393,23.38909
VNM,Western Pacific,2019,20.8923,16.57951,24.31168
VUT,Western Pacific,2010,8.08733,3.22694,17.95026
VUT,Western Pacific,2011,8.2336,2.97472,17.73994
VUT,Western Pacific,2012,8.19068,3.15664,18.86681
VUT,Western Pacific,2013,8.31014,3.17078,17.4554
VUT,Western Pacific,2014,8.35515,2.96962,17.32652
VUT,Western Pacific,2015,8.62408,3.28804,19.07391
VUT,Western Pacific,2016,8.6638,3.066,18.26006
VUT,Western Pacific,2017,8.61743,2.84325,18.56003
VUT,Western Pacific,2018,8.80598,3.15614,18.92529
VUT,Western Pacific,2019,8.42148,3.25267,18.69164
WPR,,2010,40.5019,38.4688,42.19954
WPR,,2011,43.79521,38.90254,49.66564
WPR,,2012,44.85072,39.81106,49.20901
WPR,,2013,53.71691,51.20838,55.99363
WPR,,2014,46.21053,44.14383,47.91228
WPR,,2015,43.43547,41.77437,44.7554
WPR,,2016,40.52195,38.96576,41.73386
WPR,,2017,39.57542,38.07958,40.68721
WPR,,2018,34.67788,33.34179,35.70596
WPR,,2019,33.03099,31.79842,34.04983
WSM,Western Pacific,2010,7.40466,2.83996,17.03043
WSM,Western Pacific,2011,7.48468,2.893,18.6846
WSM,Western Pacific,2012,7.55718,2.98803,18.94797
WSM,Western Pacific,2013,7.63588,2.97835,18.74372
WSM,Western Pacific,2014,7.55472,2.76371,17.77719
WSM,Western Pacific,2015,7.75524,2.9293,17.33713
WSM,Western Pacific,2016,7.61736,2.86898,18.18091
WSM,Western Pacific,2017,7.67308,2.77998,16.72639
WSM,Western Pacific,2018,7.77359,2.80564,17.09188
WSM,Western Pacific,2019,7.77989,2.66502,17.69455
YEM,Eastern Mediterranean,2010,38.82749,13.65455,77.62722
YEM,Eastern Mediterranean,2011,41.0284,14.20357,83.83901
YEM,Eastern Mediterranean,2012,42.48632,14.59384,87.91694
YEM,Eastern Mediterranean,2013,41.02003,14.20501,83.75157
YEM,Eastern Mediterranean,2014,38.27183,13.56773,75.95327
YEM,Eastern Mediterranean,2015,41.06106,14.19676,84.02299
YEM,Eastern Mediterranean,2016,39.90644,13.91332,80.67771
YEM,Eastern Mediterranean,2017,41.32087,14.26023,84.71218
YEM,Eastern Mediterranean,2018,41.6231,14.37299,85.3643
YEM,Eastern Mediterranean,2019,41.60944,14.40089,85.18297
ZAF,Africa,2010,18.69321,17.47492,20.596
ZAF,Africa,2011,18.66777,17.4595,20.54912
ZAF,Africa,2012,18.67658,17.47645,20.57321
ZAF,Africa,2013,18.81701,17.62334,20.76243
ZAF,Africa,2014,18.9779,17.76667,20.96493
ZAF,Africa,2015,19.13945,17.87984,21.12182
ZAF,Africa,2016,19.07406,17.8662,21.04971
ZAF,Africa,2017,19.37741,18.04794,21.34448
ZAF,Africa,2018,19.52362,18.15232,21.48502
ZAF,Africa,2019,19.74802,18.25901,21.80176
ZMB,Africa,2010,17.08674,7.6346,32.10759
ZMB,Africa,2011,17.33064,7.71381,32.70253
ZMB,Africa,2012,17.55181,7.79579,33.3096
ZMB,Africa,2013,17.2438,7.68308,32.52307
ZMB,Africa,2014,17.29111,7.69696,32.67522
ZMB,Africa,2015,17.4341,7.75191,32.9936
ZMB,Africa,2016,17.31679,7.69673,32.6977
ZMB,Africa,2017,16.9852,7.65884,31.85362
ZMB,Africa,2018,16.98833,7.65065,31.83176
ZMB,Africa,2019,16.8967,7.65413,31.61356
ZWE,Africa,2010,13.27519,7.11408,23.47849
ZWE,Africa,2011,13.26777,7.11475,23.41997
ZWE,Africa,2012,13.20859,7.08574,23.24645
ZWE,Africa,2013,13.09511,7.05046,22.78039
ZWE,Africa,2014,13.12364,7.06663,22.8495
ZWE,Africa,2015,13.26748,7.11728,23.3931
ZWE,Africa,2016,13.09256,7.05221,22.77944
ZWE,Africa,2017,13.15097,7.08284,22.90228
ZWE,Africa,2018,13.11527,7.06552,22.78507
ZWE,Africa,2019,13.07553,7.04886,22.69996
