SpatialDim,2000,2001,2002,2003,2004,2005,2006,2007,2008,2009,2010,2011,2012,2013,2014,2015,2016,2017,2018,2019,2020,2021,2022
AFG,0.10772021343446747,0.09078256482928732,0.10103111813098703,0.11182821689805617,0.1234425129297928,0.13591702797487037,0.14903137770250913,0.16669841952785408,0.184556076047392,0.20389357152774013,0.2247831998333617,0.2473414868875431,0.2758185962345828,0.31989138909899417,0.36436486501156273,0.4092280786035114,0.45445514420554867,0.5000807905914123,0.5460835681499094,0.5924351784165713,0.6391034633307162,0.6860736872535242,0.725282248487788
AGO,0.27622534823291844,0.2760837810068102,0.276183527087959,0.27464412848505326,0.2731615727330933,0.27169739058729864,0.2679246689128156,0.2639767396501584,0.25888237779818213,0.2536466709945675,0.24826207653998367,0.2427266713661662,0.24137179438783807,0.25524460311209585,0.2690766419918261,0.2828054426510552,0.29643798048479275,0.3099656835321586,0.3233627282067174,0.32966947203395924,0.3359314825357489,0.3421655698448991,0.34836305663865175
ALB,0.8327183380739986,0.8358246844973847,0.8395938471151306,0.8433831574314254,0.8471883768990365,0.8510006903840108,0.8548189258849805,0.8586211281133891,0.8622223662451634,0.8658174567158099,0.8694083205514211,0.8729877262409663,0.8772582244217156,0.8838410701679768,0.8901858156927706,0.8962951101230986,0.902176158790811,0.9078346558820863,0.9132757968422633,0.9185071221421492,0.9235352193558548,0.9239646667254111,0.9243961054463364
AND,1.0,1.0,1.0,1.0,1.0,1.0000000000000002,1.0,1.0,1.0,1.0,1.0,0.9999999999999999,0.9999999999999999,0.9999999999999999,0.9999999999999999,1.0,1.0,1.0,1.0000000000000002,1.0,0.9999999999999998,1.0,0.9999999999999999
ARE,0.9952756902863706,0.9951595853773869,0.9953316348085685,0.9955145795720155,0.9957090883747977,0.995915374961847,0.9961341821657916,0.9963656056967884,0.9966062826375313,0.9968619757785557,0.997133821886421,0.9974224097886076,0.9977415584052519,0.9981147268852651,0.9984894913372696,0.9988657218797149,0.9992431133417408,0.999621206201967,1.0000000000000002,1.0,0.9999999999999998,1.0,0.9999999999999999
ARG,0.9543030607112597,0.9564088137643232,0.9585250522602521,0.960658310152664,0.9628172863275772,0.9650015885482299,0.9672152107215635,0.9694544547284112,0.971687147259326,0.9739605119000994,0.9762775284515897,0.9786251869912267,0.9811302695456913,0.9820947135737456,0.9830596791730574,0.9840229273324134,0.9849839764650856,0.9850196741498237,0.9850571080875365,0.9850963761354212,0.9851374640773856,0.9851804615772282,0.9852253495229829
ARM,0.9425977370240426,0.9446890706494184,0.9470669768513259,0.9496343242873966,0.9523408491009462,0.9551930326993934,0.9582001866973369,0.9613643348751506,0.964650597853534,0.9681274664521069,0.9718064723816016,0.9757007954252,0.9799382659989003,0.9846914372752184,0.9893784542403662,0.9925359004912325,0.9926277171831599,0.9927243149989217,0.9986723906990347,0.9988832737321045,0.9990933299596771,0.9993026408747365,0.9995114315010779
ATG,0.9799128602997871,0.9795226053167212,0.9791196756892327,0.9787040310897366,0.9782749157365616,0.977831711059838,0.9773735793209499,0.9768969293639571,0.9763696931303516,0.975822959840217,0.9752493703724745,0.9746540323024676,0.9741873661523114,0.9742343905723417,0.9742843805915448,0.9743372126430013,0.9743933589461358,0.9744529836262318,0.9745155753651706,0.9745816124327096,0.9746509134297554,0.974723784877618,0.9748000375442544
AUS,0.9964620248728135,0.9963800001905527,0.9963209140587462,0.9965367193277241,0.9967592724363126,0.9969891548502701,0.9972264128388149,0.997471793346439,0.9977223800607569,0.9979821383797487,0.9982296956958094,0.9983243104492517,0.9984327214529206,0.9985747341558392,0.9993939715270453,0.9995290194656256,0.9995296087262517,0.9995302581861029,0.9995306526235523,0.9995312641378664,0.9995320912821999,0.9995326719938658,0.9995334710264238
AUT,1.0,1.0,1.0,1.0,1.0,1.0000000000000002,1.0,1.0,1.0,1.0,1.0,0.9999999999999999,0.9999999999999999,0.9999999999999999,0.9999999999999999,1.0,1.0,1.0,1.0000000000000002,1.0,0.9999999999999998,1.0,0.9999999999999999
AZE,0.6730918360947247,0.6820700943085419,0.6915488912185264,0.7015694799498944,0.7121503476274167,0.723314798687307,0.7350942372746123,0.7474924786736044,0.7602236476957109,0.7737065807480639,0.788034312333125,0.8032454464873567,0.8204099058069224,0.8416121504977317,0.8628593121891489,0.8833431454277997,0.8958835986013263,0.9082898647656136,0.920548888585101,0.9326473983838175,0.943597929666715,0.9537325177122413,0.9636608298913912
BDI,0.393282397313254,0.3886578019545691,0.38397687190642515,0.37924996323425875,0.37447055215262465,0.3696378693612136,0.3647501908460126,0.35972187039486275,0.35370798233166423,0.34759068832274886,0.34137166013368925,0.3350543117908582,0.33245637546579665,0.3433687855272065,0.3543647658947564,0.3654553047322555,0.3766360116083105,0.3879065704472081,0.39925749276221456,0.41068817265150903,0.4140616957334414,0.41754141874166173,0.42113078793769065
BEL,1.0,1.0,1.0,1.0,1.0,1.0000000000000002,1.0,1.0,1.0,1.0,1.0,0.9999999999999999,0.9999999999999999,0.9999999999999999,0.9999999999999999,1.0,1.0,1.0,1.0000000000000002,1.0,0.9999999999999998,1.0,0.9999999999999999
BEN,0.5295047695643137,0.5236389397447295,0.5177746215038553,0.5120495153701659,0.5061098474440069,0.49993858880188186,0.4935234253351251,0.4867904561507131,0.47903465601848483,0.4709505189484797,0.4625135866992369,0.4537134189324691,0.4476947043106242,0.452651253007467,0.45758673861183297,0.46249754697638357,0.46738111420545625,0.4722389776317887,0.477065031032887,0.48186062174119737,0.48662336107917303,0.4917967934775047,0.49694814222984196
BFA,0.4781015695229943,0.4702238843766343,0.45374272629203594,0.4367811776092986,0.41933652733284904,0.4013850837696243,0.3829240227167357,0.3631163856220216,0.34107908320589475,0.318184791898122,0.2943884565130943,0.2696619384737793,0.2482651033577794,0.24177102483881618,0.235470852815161,0.22937458494840413,0.22349271551415595,0.2178208105312177,0.21236869847369355,0.20715777540291858,0.20218292285118578,0.21193672907497496,0.22177156787179708
BGD,0.936285950045316,0.9372390869717615,0.9383061222950616,0.9394090154812453,0.9405476917363975,0.9417639983263584,0.9429949782322651,0.9442323579618144,0.9454027997770409,0.9465855022422491,0.9477790528129675,0.9489817363177481,0.9504747560436094,0.9529282347670279,0.9553134238610653,0.9576290211925543,0.9598748254829579,0.9620501432978189,0.9641545488739329,0.9661878979396457,0.9681499590075993,0.9695922976676883,0.9706714025445323
BGR,0.9977006236034711,0.9971345638023084,0.9965563776042722,0.9959651554643278,0.9953603570413008,0.9947413014261106,0.994107218127954,0.9934565061471137,0.9927787122391256,0.9920811549515833,0.9913625329015887,0.9906217841192587,0.9899160638074901,0.9894138422777264,0.9889258208248185,0.9884524992582057,0.9879936660867314,0.9875496541787646,0.9871203036619853,0.9867056248614392,0.9863059955571924,0.9859214153097458,0.985551472849077
BHR,0.99949174656932,0.9994575516284983,0.9994220788874465,0.9993852820219176,0.9993470930144406,0.9993074445436525,0.9992663977622915,0.9992235046417874,0.9991777190209186,0.9991299794173081,0.999080156791456,0.9990281496922447,0.998979839550984,0.9989511897288795,0.9989227733763447,0.9988946086858231,0.9988667063384715,0.9988390845191476,0.9988119011281016,0.9987848625212485,0.9987581349139902,0.99876172764501,0.9987654783355316
BHS,0.9784241315236413,0.9785410081942674,0.9786653665465616,0.9787982921922083,0.9789397929051928,0.979090606692423,0.979250803173938,0.9794186298633325,0.9795675328633908,0.979727691550321,0.9798994868298965,0.9800837379478385,0.9803939345072469,0.9811051777144605,0.981815999246083,0.9825259942006598,0.982565291264303,0.9826067389041858,0.9826502024615877,0.9826957955559177,0.9827435016812465,0.9827934249438448,0.9828455431533135
BIH,0.9664242840119679,0.9651684711505721,0.9638343589377144,0.9624182418570404,0.9609158892476102,0.9593221723739724,0.9576319774112567,0.9558343866938399,0.9538624276471581,0.9517692145333401,0.9495464788198982,0.947186775639221,0.9439303454220004,0.9424912089426171,0.9397138544999896,0.939711979703879,0.9397131631393065,0.9397174048249329,0.9397247919073355,0.9397359594564467,0.9397501634114607,0.9397686393999403,0.9397915615743494
BLR,0.9797859506601883,0.9792967000785777,0.9787916629542598,0.9782709254432489,0.9777728330577089,0.977184620247401,0.9766039618676439,0.9760282163420733,0.9754250247993519,0.9748280162613034,0.9742356037796589,0.9736534886804874,0.9732371749057903,0.9733883114012755,0.9735745154643455,0.9737955850284709,0.974049846437534,0.9743368764513397,0.9746543064063657,0.9750005985515986,0.9790940307374787,0.9874459898372003,0.9873445346523758
BLZ,0.8454394307758335,0.8505911396004109,0.8559671281641373,0.8615823297068232,0.8674475127422601,0.8735750396662054,0.8799776317807129,0.8866554393075528,0.8934861140265307,0.9006577995021434,0.9081592910299381,0.9160543746059514,0.924795742839963,0.9352110184825814,0.9456006061543355,0.9556585956302427,0.9621641256713807,0.9686304353940925,0.9750485207919641,0.975133679114778,0.9752240938570933,0.9753197324342331,0.9754209973178051
BOL,0.7635394262257785,0.76800321833478,0.7723660647688374,0.7767791489747835,0.7812918540776164,0.7858993917644939,0.7906187566411711,0.795416244650633,0.8000493021389288,0.8048075223773496,0.8096981953833626,0.8147373514830177,0.8209546547446306,0.8305330377600072,0.839845019073692,0.8490377082715171,0.8581127300597882,0.8670619727906038,0.8759033689976028,0.8844243503849543,0.8928278182740523,0.9011110441217618,0.9092737544855442
BRA,0.9197164946868885,0.9224543287806282,0.9251232316745256,0.9278182896264289,0.9305378256455055,0.93328423151791,0.9360617721896325,0.9388652050732726,0.941620943803229,0.9444181474630122,0.94726353462478,0.950181737248342,0.9534219915256713,0.9575568411657006,0.9615895629688284,0.9655173171692816,0.9679801856095358,0.9757934511177856,0.9794162104259965,0.983451058845551,0.9894706584954733,0.993652501511125,0.9937390794537219
BRB,0.9793946459380922,0.9791196866511314,0.9788367870756337,0.9785458862525331,0.978246586303291,0.9779385190441896,0.9776211146681524,0.9772911174447108,0.9769175428959713,0.9765316462216269,0.9761319472059689,0.9757183216117266,0.9754308594508255,0.9756350638413792,0.9758413010921568,0.9760496978659873,0.9762603564792052,0.9764730609476721,0.9766877293641085,0.9769044590383933,0.9769681313542871,0.9770347628345151,0.9771043238620397
BRN,0.9987705013791586,0.9987466145555182,0.9987219519391038,0.9986965110615338,0.9986702456627372,0.9986431178811359,0.9986150764402173,0.9985859015316194,0.9985536303256761,0.9985203137520977,0.998485561173285,0.9984494753388719,0.9984210335951677,0.9984240258108535,0.998427346672987,0.9984306928594643,0.9984342220538165,0.99843794438732,0.9984418477665318,0.9984460978633418,0.9984503818308779,0.9984548648953651,0.9984595450641248
BTN,0.7830927338082605,0.7927399672750814,0.8033963762901762,0.8142669067652093,0.8253469158557312,0.8365547408562799,0.8473364878044862,0.8583747428831514,0.8695088983272139,0.8809612617341027,0.8927429794163875,0.9048675493350516,0.9178071936237365,0.9323570186105888,0.9465993259742512,0.9605352850766679,0.9715891815959374,0.9790575785325178,0.9807491195644906,0.9824680350126256,0.984212654434683,0.9865040680570565,0.9866136854972062
BWA,0.694649996249279,0.6931112441636967,0.6897890504849437,0.6861040100211415,0.6822968440479329,0.6783455158221712,0.6870467537062082,0.7015424818630345,0.7156177978985543,0.7296565712900311,0.7436765702815809,0.7576613863213543,0.7704743232769847,0.7872994483380936,0.8036933439288675,0.8196537037124257,0.8351813512651145,0.850271906439182,0.8648957623278508,0.8790677022490305,0.8812178525935599,0.8832610621315908,0.885449335831968
CAF,0.4959337266056467,0.47132382475369805,0.44589790418269926,0.41962774295896943,0.392469318425756,0.3644797358653476,0.33560778654502016,0.30572248791375783,0.27379844481263527,0.24071210844263347,0.2063804275786324,0.170737162262243,0.1386432639953804,0.12357311829753803,0.10879831570653675,0.09432562652185583,0.08015479835909733,0.06627985110778445,0.05269379050771039,0.03939884275878491,0.02639017571538249,0.013670155781155158,0.01816288072316763
CAN,0.9904939515013336,0.9903659313839792,0.990189913749013,0.9900087142629173,0.9898214873298274,0.9896128895929803,0.989397951648465,0.9891870546201544,0.9889486825204099,0.988697133076442,0.9884315173549965,0.9881487306310434,0.9879065419940779,0.9879037635783333,0.9879011418413416,0.9878992541238271,0.9878979587712937,0.9878976631673037,0.9878981327581244,0.9878991522954688,0.9879349938666437,0.9879726807127873,0.9880120394374955
CHE,1.0,1.0,1.0,1.0,1.0,1.0000000000000002,1.0,1.0,1.0,1.0,1.0,0.9999999999999999,0.9999999999999999,0.9999999999999999,0.9999999999999999,1.0,1.0,1.0,1.0000000000000002,1.0,0.9999999999999998,1.0,0.9999999999999999
CHL,0.9477250340331811,0.9506429649197496,0.9534500586549662,0.9558118814359604,0.9582562475710503,0.9607798910015699,0.963393580786492,0.9660933189009862,0.9688475002962036,0.9717098257857049,0.9746862845348332,0.9777870320178611,0.9811242676727913,0.984872255760259,0.9885819012396994,0.9922522132160277,0.9958833323125598,0.9994600938233485,1.0000000000000002,1.0,0.9999999999999998,1.0,0.9999999999999999
CHN,0.7404865115466867,0.7399129926351381,0.7499644311989454,0.7600700322182623,0.7702111886099188,0.7803555552298387,0.7903586159685094,0.8002528630967964,0.8098631475046796,0.819454743684358,0.8290286882917686,0.8384056133428562,0.848545896243096,0.8613973501185014,0.8737144904208324,0.8854942705217993,0.8967407351480967,0.9074475798764233,0.9175953203058131,0.9272001124344198,0.9362836388848577,0.9488992361668283,0.9637338839823971
CIV,0.6388593135319862,0.6333644485831154,0.6276755056681904,0.621788343017586,0.615694878437471,0.6093713081182348,0.6028128437461864,0.5959573586654692,0.5882477183655821,0.5802211373853972,0.5718602510935635,0.5631546825550077,0.5566209581926908,0.5588943304340369,0.561166475801261,0.5634833092348294,0.5658333969032496,0.568223044539525,0.5706467563201734,0.5731014953840012,0.5755850874483872,0.5785587189987462,0.581571596939311
CMR,0.46272717993745516,0.46176923667096403,0.46064556638889564,0.4593556034640107,0.45789235400566225,0.4562291515768156,0.4543642199360563,0.4522188743815794,0.44905568610045676,0.4456280059595965,0.4419140676778579,0.4379023171014479,0.4368035162130329,0.44681761042775625,0.4566119326880461,0.46619144730748296,0.47555711917534427,0.484703075043052,0.49363731123030896,0.5023545620670025,0.5108617458421549,0.5191539554376543,0.531352611907231
COD,0.23214662982351936,0.21685699371025652,0.20095266863158995,0.1844241285476333,0.16723383167422168,0.14937591972599612,0.1308233313769684,0.11142991266619512,0.08993662042228256,0.06754130525585378,0.044155958264689654,0.01975635498747963,0.0,0.0,0.0,0.0,0.0,0.0,0.0,0.0,0.0,0.0,0.0
COG,0.4731266378660488,0.46674491863650514,0.4625162360551446,0.4581789693702264,0.46147103973808185,0.46496854185929765,0.46867264953275106,0.4725320778153013,0.4758810840510329,0.47947902966210687,0.4833291295044406,0.4874316304239087,0.49469868781684545,0.5122400083993103,0.5296992497172416,0.5470671257156942,0.5643305884182872,0.581479108521923,0.5854719606639824,0.589500409968978,0.5935567822267864,0.5976361519874966,0.5988549002418645
COK,0.9983273014362186,0.9983696461586833,0.9984140085725605,0.9984604019929639,0.9985089141953338,0.9985596529378373,0.9986127215991976,0.9986680770877434,0.9987241914224985,0.9987831848910667,0.9988451968414476,0.9989104295544237,0.9989848937597422,0.9990810889718381,0.9991770158509797,0.9992726490614144,0.9993679557810273,0.9994629066485813,0.9995574635663449,0.999558626496651,0.9995598433234478,0.9995611167021452,0.9995624460667384
COL,0.9011291514639492,0.9030828919280371,0.9050603825937472,0.9070653324613855,0.9090956367086678,0.9111529928696511,0.9132382374652159,0.9153399416058519,0.9173551196321899,0.9194088300428558,0.9214989869151093,0.9236300299573709,0.9262303484071425,0.9302891929189777,0.9342666780152787,0.9381666925705959,0.9419896188107637,0.9457337254620067,0.9491761168745114,0.9516886462068777,0.9541241703845098,0.9597108533567074,0.9620513280509367
COM,0.8886826607245408,0.8851839761227438,0.8722417241658335,0.8588247687408803,0.8449097860502679,0.8304790358455467,0.8155121966220222,0.799964046426219,0.7835207889962488,0.766416939084646,0.7486183036982332,0.7300948663007881,0.7124614833755228,0.7004367389110343,0.6885849062095418,0.688085291434905,0.6890506915127661,0.6900816656925958,0.6911751937675159,0.6923367050185363,0.6931849048740646,0.694072524730664,0.6949991700500419
CPV,0.743350217726276,0.7415181483894033,0.7395990498112778,0.7375885637163333,0.7382976165237471,0.7390998516224025,0.7400051889614474,0.7409802426484349,0.741698455792777,0.7425193475230463,0.7434207048041055,0.7435866177484433,0.7452969402925785,0.752197015533364,0.7591146949790414,0.7702869370408921,0.7844982970833392,0.7985204539274856,0.8123522378018395,0.8226245974546165,0.8322097632611345,0.8427061738930137,0.8438849487457737
CRI,0.9319273663667318,0.9361505546838604,0.9403122921558044,0.9444108511608065,0.9484401654438903,0.9523934963573322,0.9562730956227521,0.9600703173829306,0.9637390580137748,0.9673339686052524,0.970522145846352,0.9736071140807397,0.9772584297489463,0.9811895176355564,0.9848846870355373,0.9883605010604911,0.991632423758785,0.9947145451192795,0.9966395912515895,0.9968522404641402,0.9970626247291461,0.9970916831692351,0.9971199118172388
CUB,0.8981968255373676,0.8982227952175283,0.8982259317459954,0.8980611156133933,0.8977323419184375,0.8974196846708014,0.8970969104347302,0.8967507275931232,0.8962434460922051,0.8957184567214345,0.8951743831543868,0.894612248632996,0.894635067964103,0.8966958929453676,0.8987367641698093,0.9007804147454587,0.9028232404930603,0.904882439532071,0.9069523112825282,0.90902761950277,0.9111047855061785,0.9158654998152638,0.9175860462370745
CYP,0.9986397795313935,0.9986124754851446,0.9985856847623767,0.9984555781191169,0.9983207163170353,0.998180599951441,0.9980352314690981,0.99788394407027,0.997723392722061,0.9975561568831535,0.9973815069401051,0.9971992223336347,0.9970262299219582,0.9969100059936519,0.9967945939491235,0.9966799012196826,0.9965658147566896,0.9964525585770855,0.996339682798489,0.9963494571214737,0.9963592112590804,0.9963691257426155,0.9963790446960031
CZE,0.9976157712281581,0.9975658146453787,0.9975889913506136,0.9976138773202834,0.9976402779104105,0.9976684102018318,0.9976983506832016,0.9977299179418375,0.9977602825267171,0.997792829716043,0.9978276430153952,0.9978649072236582,0.9979179818797138,0.9980154107164984,0.998112218160181,0.9981176477976165,0.9981229774780795,0.998128846147836,0.9981350807001586,0.9981416916218635,0.9981486752818924,0.9981560408676253,0.998163783881339
DEU,1.0,1.0,1.0,1.0,1.0,1.0000000000000002,1.0,1.0,1.0,1.0,1.0,0.9999999999999999,0.9999999999999999,0.9999999999999999,0.9999999999999999,1.0,1.0,1.0,1.0000000000000002,1.0,0.9999999999999998,1.0,0.9999999999999999
DJI,0.6980752037994188,0.6923964208185841,0.6865403694067662,0.6805068822338552,0.6742853335198908,0.6678632689513262,0.6612370035285215,0.6543495267267863,0.6467225433885586,0.6388177192909228,0.6306661364540136,0.6222641506507566,0.6157984773248452,0.6170538788639114,0.6184050154991939,0.6198723956738866,0.6214412268581355,0.6231207983423085,0.6249094546139842,0.6268108517871196,0.6286795485750645,0.6306369604974114,0.6326815644610649
DMA,0.9241422224189813,0.9242010200586801,0.9242722648870293,0.9243586594532804,0.9244604306978272,0.9245783629281024,0.9247131007147495,0.9248561821689227,0.9249098622939758,0.9249819646124529,0.9250720142399971,0.9251827260044402,0.9257411957657734,0.9278091263046281,0.9279540387502659,0.9281073333239137,0.9282690118039545,0.9284395383216185,0.9286183588554284,0.9288059408655895,0.9290022164423557,0.9292076139063705,0.9294220419604818
DNK,1.0,1.0,1.0,1.0,1.0,1.0000000000000002,1.0,1.0,1.0,1.0,1.0,0.9999999999999999,0.9999999999999999,0.9999999999999999,0.9999999999999999,1.0,1.0,1.0,1.0000000000000002,1.0,0.9999999999999998,1.0,0.9999999999999999
DOM,0.886770899816399,0.8886499040466873,0.8905215952156672,0.8931940876516131,0.8961541397814139,0.8990345616794397,0.9018405298890968,0.9045531622808822,0.9070496995361579,0.9094536217456006,0.9117736749417713,0.9138336671839217,0.9161840028922709,0.920089895320758,0.9238218118961249,0.9273865761128094,0.9307876336123466,0.9340265905745352,0.937090928533094,0.9399910823585236,0.9427374613486932,0.9490563004255885,0.9499798330636958
DZA,0.8751665381583591,0.8760586330652056,0.8769479271474258,0.8778350036974343,0.8787187701248702,0.8795967299656655,0.8804704861541581,0.8813225144475518,0.8820005095133019,0.8826557148866472,0.8832921661080497,0.8839082465360576,0.8854144538050849,0.889189639967853,0.8928964243533454,0.8965343682345609,0.9001069384357605,0.9036133865478196,0.9070565933797858,0.9104370919160711,0.9137567333583876,0.9170172013189686,0.9177201328598071
ECU,0.7824258433280824,0.7873805472773778,0.7927272699382465,0.7979835946569209,0.8034799184218724,0.8092256041131525,0.8152319705406619,0.8214960222646255,0.8278027318419341,0.834430997954164,0.8413985494896703,0.8486342370176324,0.8570055360959744,0.8684033964237982,0.8797692686611379,0.8911058465953602,0.9024037573658215,0.9111325371996138,0.9167967594922821,0.9224404612174322,0.9280580268825804,0.9331858537045368,0.9337787783414037
EGY,0.9783917892414566,0.9783577265859624,0.978324442944,0.9782928284380141,0.9782626795494211,0.9782342428026416,0.9782071930419711,0.9781698725741415,0.9780974379813667,0.9780270218505711,0.9779576966047456,0.9778906381470632,0.9779450124199284,0.97844697257518,0.9789507369019893,0.9794559860840953,0.9799628668147338,0.9804753987179767,0.9806068033390849,0.9807440509412497,0.9808865955470221,0.9809530214000053,0.9810253557803587
ERI,0.3459506355934808,0.3370825830320845,0.3281353242999018,0.3191195934804172,0.3100309336130987,0.3008543417309923,0.2916013486867121,0.28215832895935905,0.271588383848978,0.2571273453774494,0.2422106837849608,0.2268397261261932,0.21547892497611487,0.2228924399586466,0.23040614134025106,0.238033405079368,0.24577184347170378,0.24756487468863586,0.24944511480461296,0.25141747901260436,0.25348125326357795,0.2556409412106624,0.2578955828938142
ESP,1.0,1.0,1.0,1.0,1.0,1.0000000000000002,1.0,1.0,1.0,1.0,1.0,0.9999999999999999,0.9997815634152362,0.9993164525273442,0.9988505597031655,0.9988497085415461,0.9988486926866298,0.9988479917990519,0.9988474412150596,0.9988470497003044,0.9988466623751777,0.9988464434066249,0.9988465467993907
EST,0.9675613058411636,0.9689495632080849,0.9704109759248113,0.9719491735791475,0.9735687717607955,0.9752738837649557,0.9770685581488512,0.97895541997296,0.9809152403934969,0.9829867904292406,0.9851758601753489,0.9874904904928191,0.9900204648071497,0.9928080905788682,0.9955653882224375,0.9982917536018235,0.9986723155390305,0.9990491088032055,0.9994257470159968,0.9998024002385502,0.9999999999999998,1.0,0.9999999999999999
ETH,0.0,0.0,0.0,0.0,0.0,0.0,0.0,0.0,0.0,0.0,0.0,0.0,0.005713940945045404,0.03124533962819176,0.05657571572167175,0.08169565551855751,0.10660369511690626,0.13128236702368712,0.15573837570267668,0.1799684524440649,0.2039559527043201,0.227703909137708,0.2527053517361828
FIN,1.0,1.0,1.0,1.0,1.0,1.0000000000000002,1.0,1.0,1.0,1.0,1.0,0.9999999999999999,0.9999999999999999,0.9999999999999999,0.9999999999999999,1.0,1.0,1.0,1.0000000000000002,1.0,0.9999999999999998,1.0,0.9999999999999999
FJI,0.9362645524898021,0.9353635218952572,0.9344354186259335,0.9334135921641515,0.9323656726005969,0.9312878586464863,0.9301810415628056,0.9290341232228829,0.9278484607331177,0.9266527356804055,0.9254215001230852,0.9241525584742601,0.9232857979734833,0.9239572354035973,0.9246408628385449,0.9253370258207229,0.9260444041217115,0.9267618443382516,0.9274899610945164,0.9282252680811554,0.9289665573949422,0.9297146717496123,0.9304696129658988
FRA,1.0,1.0,1.0,1.0,1.0,1.0000000000000002,1.0,1.0,1.0,1.0,1.0,0.9999999999999999,0.9999999999999999,0.9999999999999999,0.9999999999999999,1.0,1.0,1.0,1.0000000000000002,1.0,0.9999999999999998,1.0,0.9999999999999999
FSM,0.8904254547287984,0.8875324127632196,0.8845401564413663,0.8814470422091569,0.8782474109159026,0.8749362646764283,0.8715072686323679,0.8679382237831335,0.8640425526066697,0.8599946241667975,0.8557829157908692,0.8514010480039146,0.8477124256300822,0.8470400155879091,0.8463879869172107,0.8457577998301332,0.8451497929134921,0.8455179192594143,0.8459039504209553,0.8463088955339344,0.846732607997301,0.8471760124538352,0.8476389118146187
GAB,0.7590113837454823,0.7594329853740776,0.7595955549289027,0.7594933837310813,0.759117488942876,0.7584546255389428,0.7575081681816376,0.7562333553835385,0.7543098503445727,0.7520506465061081,0.7494571001155106,0.7465139561953903,0.7446834857045653,0.7477077670603897,0.7504402438147574,0.7572682501032234,0.7638300595218048,0.7701477983391832,0.7762336891654642,0.7820964355241773,0.7877606056208579,0.7932337150180331,0.7985274514617983
GBR,1.0,1.0,1.0,1.0,1.0,1.0000000000000002,1.0,1.0,1.0,1.0,1.0,0.9999999999999999,0.9999999999999999,0.9999999999999999,0.9999999999999999,1.0,1.0,1.0,1.0000000000000002,1.0,0.9999999999999998,1.0,0.9999999999999999
GEO,0.9331090279238099,0.9331304197825792,0.9334839771659164,0.9342399087166617,0.9350162701388356,0.9358141014496708,0.936635245237992,0.9374728880775998,0.9382460330078397,0.9348230548645815,0.9267886913215551,0.9184461562203615,0.9102949020249528,0.903883388314554,0.8975731643292143,0.8976910964269845,0.9016724031010424,0.9056342452096026,0.9095771337574556,0.9134981003371478,0.9173965918632874,0.9200026589618608,0.9225925633093072
GHA,0.5722765154449768,0.5747348935587672,0.5798482832444934,0.585249845375287,0.5909559680805758,0.5969701818436468,0.6033176108447909,0.6099656743791468,0.6164325417842136,0.6232932247628165,0.630579030089568,0.6383133294403484,0.6485364827792842,0.6660392932598375,0.68352522923908,0.7009925129794387,0.718436910003952,0.7358518016145618,0.7532302120044125,0.7705656887836405,0.787856730009538,0.8050960859153862,0.8207186334014708
GIN,0.3853760005509256,0.38230449919992937,0.379178886717619,0.3760179677567057,0.3728109527707117,0.3695565758635941,0.3662531334969071,0.3628149809574767,0.35839414485020493,0.35388509038119575,0.3492742524948399,0.3514045377313204,0.3576133836711466,0.37704926302673436,0.3966270708136088,0.41641210168783727,0.4363957533520666,0.4565723224247803,0.4769287940328819,0.4974537459535582,0.5181475093860815,0.5389978496418903,0.5599987546897566
GMB,0.6569946026510833,0.658736414971625,0.6605620420237236,0.6623940181878297,0.6639764788562676,0.6656496157966161,0.6674154137642674,0.6692375876368362,0.670691079133839,0.6722424654707806,0.6738980098089342,0.6756652002056612,0.6793938487436421,0.6896136411861314,0.6997797561632167,0.7098894922672846,0.7199354891967431,0.7299195531983386,0.7398350285279343,0.7496813684413124,0.7594561592167162,0.7691563515951452,0.7787818862227226
GNB,0.45029962726442085,0.4453473550031867,0.4400867354641208,0.4345063951529715,0.42858894683935295,0.42230723432056755,0.4156498024496164,0.4085133593268337,0.4000865680749265,0.39116083954173975,0.3817093298490787,0.3717021882141823,0.36475024232561837,0.3702749544485604,0.37561131863583175,0.3807632710540073,0.3857258569681583,0.39050296440525933,0.3950932233627438,0.3994968124406696,0.40371344017404087,0.4077468544635776,0.41088394987749555
GNQ,0.39863203214060405,0.3956275176148417,0.39334261978376983,0.39180624610830717,0.3910505857276581,0.39106854534718233,0.39190497080620473,0.3934930537610592,0.3950621766807537,0.3974654544991668,0.4007288151640819,0.40487910421023976,0.4132993922156024,0.42730056446265696,0.4324614148499316,0.4376272628652259,0.4427597415871156,0.44783959395305095,0.4492193729014007,0.45066675538704204,0.4521812174184834,0.4537660639171145,0.4554205904342602
GRC,0.9961405696422796,0.9963662101926636,0.9966178640132833,0.9968728259973947,0.9971316781318855,0.997394265184818,0.9976608117469443,0.9979314672834503,0.9982041175097964,0.9984822744037221,0.9987664223901229,0.9990569981054657,0.9993579575436987,0.9996692613935353,0.9999721528972708,1.0,1.0,1.0,1.0000000000000002,1.0,0.9999999999999998,1.0,0.9999999999999999
GRD,0.9177010663115164,0.9190144764890564,0.9203906956362676,0.9218347304314995,0.9233495977087476,0.9249386871955143,0.9266055617743367,0.9283451780699041,0.9300708182983268,0.9318913608051436,0.9338111306784831,0.9358370964227191,0.9363705126720859,0.9310879786763454,0.9312263093133454,0.9313726413687321,0.9315269765401162,0.9316897578782547,0.9318604565248871,0.9320395187085464,0.9322268796038928,0.9324229480775859,0.9326276369791174
GTM,0.8339921074993513,0.835725020421733,0.8375085502540182,0.8393012475320019,0.8411226861303618,0.8430027130856612,0.8449450774888141,0.8469359337582985,0.8487800107602497,0.8506955576257644,0.8526905641083906,0.8547668513120211,0.8577483468393899,0.8636280227979477,0.8694737070645268,0.8752857674392317,0.8810555436073702,0.8867828467666575,0.8929532580829147,0.8990656998218649,0.9051173213667769,0.91110441217619,0.9170221118088239
GUY,0.8590502436738865,0.8604823289952506,0.8619967589887442,0.8634846308771733,0.8650432349712358,0.8667101498663952,0.8684908558060198,0.8703749199636956,0.8722012754035131,0.8741646514692809,0.8762698782404514,0.8785283276683423,0.8817812674281359,0.8874755690107069,0.8931676582804934,0.8988539473663554,0.9045307780472167,0.9101947725205727,0.9158396711856096,0.9214631896985694,0.9267732159003381,0.9314988042401167,0.9361892550994914
HND,0.8198550868998999,0.8234179487603794,0.8274038149951931,0.8309109664122789,0.8345002488468061,0.8381636463892999,0.8419121807753274,0.8457257890798162,0.8494136474049323,0.8531977178759182,0.857086329981632,0.8610809314315092,0.8659620678473826,0.8735172332470177,0.8809506465955658,0.8882521755375851,0.8954251120018384,0.9024679416057483,0.9093772987071047,0.916153803818728,0.9227973871530684,0.9293067066129308,0.935331563081668
HRV,0.9833911928153403,0.9831463660346835,0.982876993818251,0.9826000262835937,0.982314187513184,0.9820194797677586,0.9817154906013446,0.9813991880602455,0.9809746980786489,0.9805345105697585,0.9800773353026948,0.9796026208628311,0.9792284655564362,0.9792678285922739,0.9793094453439252,0.9793534693211131,0.9793999010345633,0.9794488737760306,0.9795002284385854,0.979554099270016,0.9796104667676282,0.9796694539388964,0.979731034564603
HTI,0.46185504508858455,0.46169828086364495,0.46171026555865013,0.46187457823697575,0.4581163294311423,0.4537868180490023,0.4493464692829689,0.4447034176686498,0.43913015865943317,0.43335550568503234,0.4273823022590846,0.4211984654505354,0.418128846627982,0.4266885876893983,0.43522677374638075,0.4437325835323228,0.452119008522337,0.46035682250760257,0.46844889810922075,0.47639934367651215,0.48364629573815465,0.4907976730991901,0.49785145452390533
HUN,0.9995644244733926,0.9995570903405326,0.9995536163404032,0.9995502063575008,0.9995464630636062,0.9995435892612783,0.9995414986014322,0.9995393359960476,0.9995364904544375,0.9995333149205123,0.9995293226533357,0.9995250868748248,0.9995214296082183,0.999526592928878,0.9995319484145794,0.9995373401217328,0.9995427665241188,0.99954822901398,1.0000000000000002,1.0,0.9999999999999998,1.0,0.9999999999999999
IDN,0.6960664160447233,0.702378248108639,0.708859296725868,0.7155209053655036,0.7223730169729217,0.7294089609863141,0.7364899653990742,0.7437364475747532,0.750838013395773,0.7581680249822309,0.7656855460243521,0.7732007547117133,0.7822413109859386,0.7956875658363728,0.8089710778732427,0.8220831783022408,0.8350211080839474,0.8477748989726938,0.8603461635645213,0.8727298958955529,0.8850755413663554,0.8972244766714743,0.9091785067466377
IND,0.7525664154298511,0.7554044255362677,0.7587912462272465,0.76231326393213,0.7659764038431205,0.769783057647947,0.773740225851417,0.7778291198205887,0.7817714889260423,0.7858930854529538,0.7902004582552216,0.7947095732528678,0.800587930833785,0.8105484175781422,0.8204470734346979,0.8302791815614262,0.8400381450825785,0.8497198113531877,0.8593155010427433,0.8688195660765206,0.8782259034762299,0.8875297780539799,0.8967240172105572
IRL,0.9657109091870528,0.9642380223839244,0.9627071507159716,0.9611144921686363,0.9594584529575796,0.9577360670205854,0.9559450801206952,0.9540822510840881,0.952074212449687,0.9499791449642563,0.9477907174913369,0.9455047270296447,0.9434396133403945,0.9424792279444801,0.9415248601469729,0.9405776419260591,0.9396376624420215,0.9387029125242606,0.9377727370434172,0.9378765628026766,0.9379851956038285,0.9380992132873889,0.9382185867793978
IRN,0.9281017539846799,0.9293525871791128,0.930600123969895,0.9318462242887524,0.9330890706642467,0.9343273397361125,0.9355607451326475,0.9367218515835909,0.9377625595679928,0.938804161297494,0.9398469200325703,0.9408911523002342,0.942254401386622,0.9447382766721454,0.9471633478007161,0.9495283129948241,0.9518343145030104,0.9540807843406894,0.9562660524674564,0.9583907139616747,0.9604569071264759,0.9624641156091882,0.9644160304102295
IRQ,0.7644611197808102,0.7710410295060823,0.7779080227236385,0.7850820788653832,0.7925765446656741,0.8004073632094402,0.8085861936225087,0.8171169561834559,0.8257885485077061,0.8348922065515894,0.8446882917684486,0.855078910491594,0.8667017197103243,0.8811403009563673,0.8954714160503462,0.9096908954752901,0.9238127476191829,0.937825779855796,0.9517153625611061,0.9654673040023358,0.9745721534467724,0.9748194765864495,0.9750760710400174
ISL,1.0,1.0,1.0,1.0,1.0,1.0000000000000002,1.0,1.0,1.0,1.0,1.0,0.9999999999999999,0.9999999999999999,0.9999999999999999,0.9999999999999999,1.0,1.0,1.0,1.0000000000000002,1.0,0.9999999999999998,1.0,0.9999999999999999
ISR,1.0,1.0,1.0,1.0,1.0,1.0000000000000002,1.0,1.0,1.0,1.0,1.0,0.9999999999999999,0.9999999999999999,0.9999999999999999,0.9999999999999999,1.0,1.0,1.0,1.0000000000000002,1.0,0.9999999999999998,1.0,0.9999999999999999
ITA,0.9945529694027253,0.994769453800749,0.9949951852690325,0.9952308836398189,0.9954767338211672,0.9957333806708493,0.9960013414282611,0.9962808842542441,0.996567946173869,0.9968690804039335,0.9971850252797818,0.9975168650770568,0.9978773902656256,0.9982867172664153,0.9986946473935346,0.9986974248354316,0.9987003541797232,0.9987034438356935,0.9987066837653975,0.9987100824384338,0.9987136386243916,0.9987173600837262,0.9987212451622854
JAM,0.9156400144126062,0.9159409366868603,0.916203228304917,0.9164641943400575,0.9122898135604087,0.905947223284195,0.8989656845640586,0.8916733814421003,0.8839028661063564,0.8757754772606103,0.8672702001552766,0.8583696458857276,0.8499358036515711,0.844406087734327,0.8469682135548681,0.849549978099405,0.8521503679405871,0.8547664886252474,0.8573964922245929,0.8600376481182004,0.860928939890629,0.8618582742409979,0.86282522363568
JOR,0.9823140595466915,0.9820452973850653,0.9817683210004721,0.9814828431756006,0.9811891233064518,0.9812468522519862,0.9814090842286463,0.9815479809777026,0.9816391485601621,0.9817064777309958,0.9817509894146832,0.9817716803192557,0.9818729223450834,0.9823133667897451,0.9827286605055868,0.982926641641901,0.9831227746286957,0.9833166647393606,0.9835079967533822,0.9836971646066646,0.9838838160017958,0.9840003153652439,0.9841159753730652
JPN,0.9816046199043997,0.9812472325981509,0.9808782381190938,0.9804975995360738,0.9801046247201306,0.9802037440337836,0.9803100660726836,0.9804217091129579,0.9805132138556949,0.9806131054879974,0.9807214679316028,0.9808393802554324,0.9810756209134944,0.9816980794775275,0.9823202363322249,0.9829421839995355,0.9835634042167924,0.9841839525195101,0.9848034952740259,0.9854220814857264,0.9860391728589377,0.9866547940927761,0.9866952163287298
KAZ,0.878817157888135,0.8815498102245563,0.883678196241864,0.8858988258951808,0.8882151153619744,0.890632016907962,0.893153521366927,0.8957722585788948,0.8983610655453709,0.901078600542734,0.9039277395898428,0.9069218355345757,0.9105801489317377,0.9153794713163869,0.918648701247314,0.9219010658289494,0.925133853181219,0.9283457774805212,0.9286118119973048,0.928904973948236,0.9292240777330023,0.9295693563920977,0.9297826887388657
KEN,0.3546489878587319,0.35126710022420027,0.3478022827180879,0.3442668389702255,0.34065066191122334,0.3369367117228074,0.3331270307906545,0.3291324793015898,0.324055378685418,0.3188191757391252,0.3134120320399931,0.30786871490400536,0.3061501665440758,0.3183931337530256,0.33062282955826783,0.34284337228342354,0.35504766803878485,0.367232617521401,0.37939183117336384,0.39151057943836887,0.40359266453084464,0.4156288212914825,0.42761626504640704
KGZ,0.7562443354890754,0.7515029844062702,0.7548956156355465,0.7584609443528343,0.7622116482649486,0.764704860496151,0.7673095705864288,0.7699975488771298,0.7724790194660989,0.7750931668009144,0.7779014940635118,0.7809183256443005,0.7853851867774949,0.794275069213911,0.8031658222596524,0.8120512929200637,0.820766043859013,0.8279957370070915,0.8351897053461801,0.8423370004076371,0.8560405496082466,0.8570585389004572,0.8581426721737736
KHM,0.40849138625416115,0.41841849785302265,0.4287880645292832,0.439637171676716,0.44848166207853984,0.4544549447414575,0.46037557497945397,0.4661765552431187,0.47130544628056004,0.4771686942971468,0.48296934234694844,0.48871212773332895,0.49727380717909286,0.5156791854434656,0.5336272644847019,0.551117872298338,0.5681513622941687,0.5847277653978743,0.6008656505215431,0.6165650476338245,0.6318297928550431,0.6454620641891944,0.6610305589578108
KIR,0.5190866195182599,0.5195087100133938,0.5182272688516883,0.5169778195673012,0.5157548889552717,0.5145568968304086,0.5152696895529971,0.5175654140764041,0.5189377067185302,0.5193849703426293,0.518070480410536,0.5167031537054313,0.5180399715258514,0.5290152975275949,0.5398934919118324,0.5506677719009873,0.5612646648748045,0.5716654738204104,0.581872747471627,0.5918868429652464,0.6016958822792517,0.6113044526789813,0.6253914134933986
KNA,0.9809376064497641,0.9807234634056079,0.9805034394679087,0.9802777873386088,0.980046103825112,0.9798081337740827,0.979563304429276,0.9793090153091222,0.9790170791115604,0.9787160224991645,0.978404893105342,0.9780835812978527,0.9778783600419311,0.9781165492581397,0.9781604770318827,0.9782069457069341,0.9782559558223805,0.9783076480718084,0.9783618545129131,0.9784187168484035,0.978478214492581,0.9785404772836541,0.9786054775464242
KOR,0.9840277086046458,0.9837173973109001,0.9833970077722146,0.9830665079221046,0.9827252968006894,0.9823728825520677,0.9820085990482841,0.9827878276644222,0.9835798416168786,0.9844120078825818,0.9852865988751918,0.9862061157085037,0.9872466518630997,0.9885617726075916,0.989873251630668,0.991180418513303,0.9924829814066221,0.9937806871419509,0.9950727098739558,0.9963589406662796,0.9976385958645426,0.9989115261358945,0.9999999999999999
KWT,1.0,1.0,1.0,1.0,1.0,1.0000000000000002,1.0,1.0,1.0,1.0,1.0,0.9999999999999999,0.9999999999999999,0.9999999999999999,0.9999999999999999,1.0,1.0,1.0,1.0000000000000002,1.0,0.9999999999999998,1.0,0.9999999999999999
LAO,0.3377069198956685,0.35468990306383663,0.3721465544537572,0.3900839927699258,0.4085214669273152,0.4265461677173072,0.44328233809671497,0.46045156387438085,0.4774086112956003,0.49495349578651315,0.5131140525289251,0.5319329445001507,0.5540058789924497,0.5851169518827349,0.615833013039209,0.6461455738034348,0.6804196460333078,0.7101539865546954,0.7394643516560668,0.7683501150618279,0.7708478295113035,0.7733760622320749,0.7759335472862637
LBN,0.8082332628689695,0.8100293651736861,0.8119217673009141,0.8139203700980315,0.8160290593484338,0.818253660955629,0.8205989302649848,0.8230494372954538,0.8253833393200904,0.8278626237795954,0.8304922267037815,0.8332847097981463,0.8371834031788131,0.8444355672955325,0.8516775204813866,0.8589080473304037,0.866124889118141,0.8733261345843114,0.8805084601774107,0.8849537187466672,0.8852708909304468,0.885602803658855,0.8859493093999499
LBR,0.5341004479959467,0.5360399087553448,0.5380783030057906,0.5402248498862608,0.5424849727651735,0.5448609141542022,0.5438059300714722,0.5425832741768335,0.5405782787911544,0.5384699182760864,0.5362405650551991,0.5338944815001793,0.5340867684447425,0.5435800924996114,0.5529663693529575,0.5622498112153026,0.5714271840417215,0.5804924319374428,0.589446215300288,0.5982857482221464,0.6070086152258551,0.6156152173005662,0.6240970922776431
LBY,0.8060947370621647,0.8132337845922097,0.8206796817586187,0.8284523552498873,0.8365664354470639,0.845039121986797,0.853887517001606,0.8631141933309374,0.8725758154201986,0.8825042975582882,0.892923857675775,0.9038656098221091,0.9158428438010998,0.929716942613226,0.9435451123850852,0.9573231978322337,0.9710462657934693,0.9847099508380658,0.9983090400731629,0.9983134837040053,0.9983181332767748,0.9983229989379612,0.9983280785248251
LCA,0.8816969737215883,0.8791845748593794,0.8759778224530727,0.8781276955024808,0.8805012633863223,0.8831104005055128,0.8859605902118126,0.8890488554189688,0.8922431446084682,0.8957191967865779,0.8995425779696642,0.9039685955553279,0.909151861125506,0.9162592864558915,0.9233502990888961,0.9304218886633416,0.9374697586029677,0.94449014417292,0.9514784286480538,0.9516107567651102,0.95174927782677,0.9518948968029073,0.952047233014654
LKA,0.789064250464536,0.7885367759185515,0.7880683641943548,0.7876174808844221,0.7871818491592011,0.7867610485531182,0.7863581566359905,0.7859442742236495,0.785241300552233,0.7845513473477987,0.7838689617300081,0.7832032440505964,0.78379326896272,0.7887939202109665,0.7938329523104993,0.7989090520888772,0.8040175769382649,0.809158402690311,0.8143289213225091,0.8195236337709964,0.8247427587327456,0.8299842781150435,0.8352446841974906
LSO,0.5774180774911244,0.5736679238130197,0.5699046142545949,0.5661398735675703,0.5623792840287698,0.5586159368098451,0.5548588612182757,0.5507545795192772,0.5459769208702118,0.5411483620434205,0.5362698024957866,0.5313479110879497,0.5286125865276591,0.5354185104529477,0.5423190217580268,0.5493202965921419,0.5564130401922167,0.5636028228263893,0.5709090982778491,0.5783301933990175,0.5858731877451946,0.5923248756703443,0.5988299323879763
LTU,0.8729620980426154,0.8760997523316378,0.8793319635882856,0.8827330609017985,0.88631026022912,0.8902587996818292,0.8945758453429071,0.8990618267102806,0.903601153797357,0.9081971391449761,0.9128745478990323,0.9179464272558565,0.9239719068123943,0.9315981169654403,0.9391706000043737,0.9466872014179654,0.9541629314445836,0.9615904026403054,0.9686768690617467,0.9689292642603753,0.9691991101982393,0.9694833111495527,0.9697827318931812
LUX,1.0,1.0,1.0,1.0,1.0,1.0000000000000002,1.0,1.0,1.0,1.0,1.0,0.9999999999999999,0.9997978316496764,0.999452184624659,0.9991284014174017,0.9988252175537585,0.9985412074817119,0.9982749567918793,0.9980250311326486,0.9980830802056033,0.9981385977250148,0.9981914421621687,0.9982422322617651
LVA,0.972979068517678,0.9724114794962788,0.9724990850541114,0.9726155200448907,0.9727925718895944,0.9729774442437216,0.973129601722968,0.9732802148275537,0.9734065014881059,0.973559248579297,0.9737372038857015,0.9739283241010653,0.974280869014336,0.9751575580077366,0.9760324549329255,0.9769056264904571,0.9777783590878952,0.9786498751418135,0.9795187778699361,0.9803838317065685,0.9812442712965133,0.9820990030438927,0.9829468016718595
MAR,0.5670794919187335,0.5690861343326318,0.5729005746870041,0.5769273592393611,0.5811795205595875,0.587163661725135,0.5936875577542073,0.6003911613046764,0.6067594563397589,0.6133708753579323,0.6202485182449962,0.6273886214723702,0.6368917437446663,0.6537296058976779,0.6703891058358243,0.6868587011298825,0.7031376805339935,0.7192145654341283,0.7511162003407172,0.7665159042155756,0.7816853892169522,0.7966096690365436,0.7999406011673548
MCO,1.0,1.0,1.0,1.0,1.0,1.0000000000000002,1.0,1.0,1.0,1.0,1.0,0.9999999999999999,0.9999999999999999,0.9999999999999999,0.9999999999999999,1.0,1.0,1.0,1.0000000000000002,1.0,0.9999999999999998,1.0,0.9999999999999999
MDA,0.7899495435803028,0.7900643315937876,0.7902707536763697,0.7905797305514444,0.7909982095266166,0.7920094327600311,0.7936058032148012,0.7952839999949084,0.7967833247667009,0.798402998625551,0.800146187202939,0.8020243520933322,0.805163095368023,0.8122979585955622,0.8194351380406054,0.826544933897882,0.8337020388477716,0.840893947112635,0.8481125797722973,0.855347802009703,0.8625925119721374,0.869838251639822,0.8770760115487112
MDG,0.22462292957129876,0.21748895170441856,0.21017038893796863,0.20267362556100355,0.1949905581855969,0.1891726832676403,0.18325580596442442,0.17712693605822388,0.1696983093908857,0.1620866995196385,0.1542771876005984,0.14626858958401678,0.1429631909873349,0.15689936812846406,0.1708658891398973,0.18484965516375207,0.19885223276081765,0.2128669564918444,0.2268821476687496,0.2408843700920712,0.25488125847289966,0.2688521168892001,0.28280425372086515
MDV,0.9239548093465506,0.9272887259496168,0.9306715811479348,0.9341006682499404,0.9375728352389421,0.9410821643830525,0.9445166210912583,0.9477243240636195,0.9512243002835885,0.954852769960223,0.9586158419966295,0.9625211031571176,0.9667665241432445,0.9717043505841839,0.9765775973677092,0.9813843373853358,0.9861230658232938,0.9907923728681131,0.9921629431930681,0.9926496309035455,0.9929371830220761,0.9932306232019157,0.9931931773643902
MEX,0.8844578732551462,0.8893551997568949,0.8944013748412188,0.8996061893691207,0.9049777607298728,0.91051947359271,0.9162410753256849,0.9221400042346577,0.9278925838328045,0.9320250165700585,0.9363035846162586,0.9407438082542133,0.9456620436977411,0.9516993942344284,0.9576601322469921,0.9635406118665116,0.9693415477674272,0.9750599288042682,0.9806953418013307,0.9862465280120594,0.9902123666816744,0.9928888229301451,0.9954754241568299
MHL,0.8628398245400448,0.860175062769563,0.8568735733331528,0.8534687042709797,0.8499546862069709,0.8463274678514077,0.8415264024082545,0.8365208538507027,0.8310747851819875,0.824728299883869,0.8165947471075008,0.8081839536129923,0.8006285224478734,0.7970548184263967,0.7935919254100406,0.7902404983602028,0.7869989052398894,0.7838676659488754,0.7808422096519083,0.7779242976813199,0.7751111011885934,0.7724027585183397,0.7697985448673103
MKD,0.9616994824005105,0.9610048946970686,0.9602880887531388,0.9595490799177699,0.9587869256872414,0.9587352034637817,0.9586732327022036,0.9585972392124782,0.9584539786666983,0.9583031016722214,0.9581457706072829,0.9579841473316381,0.9580611233895041,0.9589851022593955,0.9599110277201389,0.9608412654304997,0.9617773803983587,0.9627216271881437,0.9636753812102989,0.9646406809247359,0.9656190968772596,0.9666125598846134,0.96674898352322
MLI,0.38356827603338506,0.3906560980122846,0.3990170100041328,0.4077865667890106,0.4169841203551367,0.42660208244354964,0.4366760393956592,0.4471361535814469,0.4573041017556798,0.46797693720192024,0.4791477210323998,0.4908470654106748,0.5059296135093944,0.5311039323212333,0.5560943698979427,0.5808858829864562,0.6054689133710953,0.6298368873901045,0.6539700225601615,0.677866059388134,0.7015057110290022,0.7248900472893276,0.7480013001778728
MLT,1.0,1.0,1.0,1.0,1.0,1.0000000000000002,1.0,1.0,1.0,1.0,1.0,0.9999999999999999,0.9999999999999999,0.9999999999999999,0.9999999999999999,1.0,1.0,1.0,1.0000000000000002,1.0,0.9999999999999998,1.0,0.9999999999999999
MMR,0.3571737764348967,0.3630154262438201,0.3694296477237822,0.376466979149392,0.384155095268027,0.39252884256652393,0.4016170277723024,0.41138964522931293,0.4211305379734246,0.431732838851407,0.44324368952261917,0.4557228815222035,0.4722598962592063,0.5000274301799451,0.5280465163038494,0.5563520359703534,0.5849289643387652,0.6137606535755699,0.6428274259109994,0.6721078375434573,0.7012199735316842,0.7268544326594719,0.728504488742349
MNE,0.9407997274886033,0.939649578602737,0.9384620753491016,0.9372370988753334,0.9359724217622185,0.934666220977441,0.9333160275605052,0.9353658841884755,0.9374275133421743,0.9396003233788652,0.941890056619137,0.9443055015940297,0.9471568259379465,0.9511261980604026,0.9550892310848554,0.9590451026659069,0.9629919704538517,0.9669288323962458,0.9767165667153681,0.9794999964242372,0.9822776084748222,0.9823826771726576,0.9824896741741304
MNG,0.5387887261936822,0.5473508411146529,0.5559580649907508,0.5646160509317638,0.5733157752914673,0.5820219497872188,0.590763122247693,0.5994770466416293,0.6076527682760411,0.6158290757385629,0.6240445378628643,0.6280698162619743,0.6319452528107324,0.643309448057486,0.6546529755415907,0.6659887686841902,0.6773062604332332,0.6885972753099577,0.6999599862266577,0.7113832387518162,0.7228535424007778,0.7343482219738462,0.7458708641019748
MOZ,0.04957358607043727,0.04430412912653148,0.04487638611266176,0.04605508811783399,0.04787235315976923,0.05035704674158964,0.05355393299313732,0.057364478576295064,0.06266507283421763,0.06903416466331025,0.0763445624798803,0.08465225641896579,0.09917794873989882,0.13257463137148684,0.16636283956749198,0.20052530028933913,0.23503711673801897,0.26987151639408313,0.3050040910069395,0.34043298445289427,0.37612341503286206,0.4045305927475269,0.43275763935414624
MRT,0.28272331853950616,0.2790332108280066,0.2846125339980854,0.29077255513035927,0.29753486049815653,0.3049112808367341,0.3129319142045534,0.32154375763500737,0.3299078376946968,0.3390000121370682,0.348870381942472,0.3595691039698363,0.3747209326531421,0.40293326363335114,0.43122638797747725,0.45957652570219276,0.48795552413696197,0.5163642358647719,0.5447649997482578,0.5731520224669839,0.6014980520857751,0.6297969140583333,0.6580214701966279
MUS,0.9915927282744101,0.9918459742483072,0.9921113320730112,0.9923897523188492,0.9926816960738598,0.9929879947554159,0.9933092040623501,0.9936454674947586,0.993989710493153,0.9943524148769671,0.994734685375599,0.9951376464813076,0.995587991642234,0.9961361281008322,0.9966839921795266,0.9972311054384121,0.9977782118458716,0.9983244937695922,0.9988692640754722,0.9994123311579222,0.9999348834786361,1.0,0.9999999999999999
MWI,0.43253621290321786,0.4320331120414762,0.4315472831124446,0.4310994364672347,0.43068239885660814,0.43030317588859285,0.4299547690448114,0.429573214672396,0.42840361612671807,0.42730710128028304,0.42627143100607845,0.42531215611644513,0.42770594044846943,0.44169526079007115,0.455675042875885,0.4696512703129979,0.48360232936881564,0.4975328397345945,0.5114276187939097,0.5252767562669907,0.5390753391950605,0.5528125478265304,0.5664826905729242
MYS,0.9616142611018264,0.9616219344207875,0.9608938768868244,0.9601677091449174,0.9594428917195861,0.958715389021958,0.9579874198851919,0.9572521625537165,0.9564518026022213,0.9556416794031877,0.9548220947187034,0.953840832757528,0.9530825698187607,0.9532744225553008,0.9534888879833773,0.9537216096858717,0.953974336341822,0.9542318955629244,0.9544957508552614,0.9547645795509276,0.9550371970376321,0.9553142908378667,0.9561746350339367
NAM,0.7044039612532081,0.7037529855345428,0.7044332979200593,0.7053779935396596,0.7063368287154586,0.7072873581282575,0.7082365828430994,0.7091371439312644,0.7096080870553096,0.7100340400363401,0.7104284496960744,0.7107712375116225,0.7128258602381764,0.7205772697133924,0.7281905660623741,0.7356530694586393,0.7428967863175193,0.7499104583967523,0.7566955263603787,0.76430250704503,0.7717075226326422,0.7789144324430448,0.7828738400543865
NER,0.2312410459223514,0.2256588986354922,0.21904667432029717,0.21203428757380527,0.2045853249279595,0.1966686494680026,0.18826926249565218,0.17925034677094615,0.1684760271966106,0.15707808664149847,0.14499043723607719,0.13217970700248705,0.12364189856929564,0.13234131719724085,0.14090350790110395,0.14934525856046377,0.15764435944785493,0.16581729762503794,0.17383700910839428,0.18172057621396376,0.18946334063878678,0.19705921910000335,0.21237317447613346
NGA,0.3167819552200811,0.319634224066906,0.32618450499030605,0.3332201678603799,0.340755334512086,0.34880610523667205,0.3573989312623291,0.36648402760363213,0.3752726048064666,0.3846905980051988,0.3947766479198622,0.4055204385579205,0.4202857302154972,0.44703862831444063,0.4737843127043989,0.5005179215943004,0.5272157300846938,0.5538818550894947,0.5804938544486913,0.6070412366293678,0.6335147603649998,0.6599031643192053,0.6861973850642605
NIC,0.7619973265353053,0.7576877984594315,0.7532561911125423,0.7487074625589163,0.7440346592660789,0.7392503599510503,0.7345366940331515,0.7296561398506329,0.7242475528677916,0.7186694161566878,0.7129118142740822,0.706971001916248,0.7025424407437456,0.7040811693706414,0.705672486291595,0.7072562400995966,0.7088989163143693,0.7098989570669111,0.7119552332076597,0.7141292691109753,0.7164136734772344,0.7172340922195992,0.7180905818326803
NIU,0.9906921863259781,0.9905113531798981,0.990324646961274,0.9901320489834404,0.9899332090384991,0.9877082603015082,0.9853927826339064,0.982980324965429,0.9804390002486807,0.9777836884313904,0.9750075934026396,0.9721038946133344,0.9692418228825194,0.9669540424675936,0.9646791754173957,0.9624179512660741,0.9601713458563197,0.9579406056325263,0.9557259366722415,0.9535287648351403,0.9536568818240563,0.9537909530368591,0.9539309188802131
NLD,1.0,1.0,1.0,1.0,1.0,1.0000000000000002,1.0,1.0,1.0,1.0,1.0,0.9999999999999999,0.9999999999999999,0.9999999999999999,0.9999999999999999,1.0,1.0,1.0,1.0000000000000002,1.0,0.9999999999999998,1.0,0.9999999999999999
NOR,1.0,1.0,1.0,1.0,1.0,1.0000000000000002,1.0,1.0,1.0,1.0,1.0,0.9999999999999999,0.9999999999999999,0.9999999999999999,0.9999999999999999,1.0,1.0,1.0,1.0000000000000002,1.0,0.9999999999999998,1.0,0.9999999999999999
NPL,0.7499903465051274,0.7533505933961455,0.7563095473820532,0.7593443651416967,0.7624545099792757,0.7656422464528418,0.7689075379984767,0.7722254823712216,0.7753024638483532,0.7784681598813052,0.7817206915487891,0.7850679992772386,0.7897216978919369,0.7985861791619545,0.8073252669034666,0.8159342134389588,0.8244093441041396,0.8327461300212836,0.8409390937994863,0.8489841879769175,0.856876676750425,0.8646132369923429,0.8649131218864353
NRU,0.9764109166884947,0.9750513865466786,0.9736413772597695,0.9721794157741197,0.9706625443129528,0.9690882493167072,0.9674536037448067,0.965751038615581,0.9639294383389809,0.9620306617869732,0.960049839989396,0.9579827514406757,0.9560763987878113,0.9550263282434058,0.953985415984583,0.9529546963823986,0.9530604959518625,0.9531720855223885,0.9532891025520123,0.9534118529385152,0.9535402922429477,0.9536747007508475,0.9538150187189548
NZL,1.0,1.0,1.0,1.0,1.0,1.0000000000000002,1.0,1.0,1.0,1.0,1.0,0.9999999999999999,0.9999999999999999,0.9999999999999999,0.9999999999999999,1.0,1.0,1.0,1.0000000000000002,1.0,0.9999999999999998,1.0,0.9999999999999999
OMN,0.8233850686873829,0.8198997442080753,0.8163008523601386,0.8125879379164829,0.8097226348979782,0.8108164595039633,0.8119385175943332,0.8130640464403627,0.8139503931946845,0.8148596792084026,0.8157957923838741,0.8183091262575618,0.8230835822399526,0.8312331379274575,0.8391235116549564,0.8467506267965944,0.8541273270701173,0.8611541021930661,0.8678641389767043,0.8738884430413636,0.8785736567081799,0.8811153417461648,0.8834828861544465
PAK,0.8446097221146196,0.8445839657927818,0.8445396042141583,0.8445054251632034,0.8444825835166325,0.8370137301867457,0.8357714479958986,0.8346855526178856,0.8333149366529722,0.8318896142514047,0.8304039084247004,0.8288575640617012,0.8282316097481156,0.8310359243923348,0.8338217064861878,0.8365893787609758,0.8393378056270577,0.8420662701624876,0.8447864640902494,0.8474960487821108,0.8501907603997285,0.8528675821534191,0.8555216640057405
PAN,0.871556868922756,0.8736000018052361,0.8757069498944569,0.8776124536256236,0.8779973670917325,0.8782725552473463,0.8785336986753742,0.8787629085281397,0.8788049844346724,0.8788285420035813,0.8788273211005699,0.8788278238292545,0.8795171398485347,0.8826229494758154,0.885702746809894,0.8887512579105105,0.894152408339099,0.8995204132977875,0.9048498345593368,0.90955652146064,0.9131126999542323,0.916615419814522,0.9175686303883749
PER,0.7558820527388255,0.7609938877714812,0.7661992719548986,0.7715136951082269,0.7769360374597571,0.7824670147222661,0.7881208243993667,0.7938691943358553,0.7988902389432213,0.8038430694823482,0.8090052831903654,0.8143838808715632,0.8210260454433386,0.8313206307427999,0.8415273302007177,0.8516477253995093,0.8616725409446391,0.8716034353972179,0.8814563517071945,0.891222808267288,0.900898390939749,0.9104749184147021,0.9199458166746114
PHL,0.827573209768599,0.828826385932397,0.8304372297266464,0.8321490071163873,0.8339654476675566,0.8358924499240878,0.8379344387326468,0.8400780229324962,0.8421229200117644,0.8443080553722659,0.8467047662330287,0.8495966262866431,0.8534811731513482,0.8603699795282577,0.8672256435001323,0.8740496005300101,0.8808385965830139,0.8876098173851353,0.8943592738037918,0.9010813417630128,0.9077706645730155,0.9144228584149185,0.9210323806864095
PLW,0.9920863477447099,0.9920091976778644,0.9919321138912373,0.9918552149466038,0.9918941910297578,0.9919275149717788,0.9919551704759453,0.9919757903174,0.9919789991405399,0.9919753256360637,0.991964551496904,0.9919464846424849,0.991967124899133,0.9921418840245687,0.9923090078140228,0.9924683932813055,0.9926197285201692,0.9927632257479772,0.9928993088544231,0.9930286617598911,0.9931514473852303,0.993268343358547,0.9933796656557766
PNG,0.16075540749430933,0.14428700445642584,0.12731291481754708,0.10980218988227664,0.09171487768733938,0.08717282251159447,0.08259078500841716,0.0778541968018292,0.07173880745243488,0.0654327116490101,0.05895222405271816,0.05229922628865935,0.05092225884593138,0.06874807082283285,0.08665750911284631,0.10464669395213899,0.12270429713315079,0.14082534543056546,0.1589990228034862,0.17721278307215227,0.19545468076160277,0.21420303028897658,0.23301187992065142
POL,0.9896607995553244,0.9894599285226799,0.9892525336299339,0.9890385941197759,0.9888177209782247,0.9885895958166013,0.98832857678534,0.9880568224876451,0.9877575034947665,0.9874470150360515,0.9761698195383364,0.9643233534884476,0.9521379066130687,0.9406806594215259,0.9292350054758102,0.9178071460306546,0.9064344294457733,0.8951361563680801,0.8839265436283406,0.8728223993243984,0.8618415014257415,0.8509987339012999,0.8515735065177655
PRK,0.9914279425020629,0.991256389156749,0.9910793574785307,0.9908966981756893,0.9898851953041772,0.9846026858340178,0.9791158846355072,0.9734110451019338,0.9674320891246107,0.9612232507154208,0.954768164517412,0.948045093482042,0.9413763905589275,0.9358144824413744,0.9303142773668974,0.9248767208451275,0.9195197027841431,0.914247116072796,0.9090646082929053,0.9039781760313821,0.9045554588110094,0.9051607048722383,0.9057925883388099
PRT,0.9905269086558031,0.9901763815948157,0.9898333948410475,0.9894972532601565,0.9891684473422337,0.9888475907063756,0.9885349716747256,0.9882298013260957,0.9879166359854401,0.9876121975760794,0.9873168588687535,0.9870317076632086,0.9868326805770075,0.9869173806132946,0.987023879441239,0.9871518080157747,0.9873005320919475,0.9874699574638318,0.9876588606814565,0.987867125898255,0.9880940642259752,0.9883389063318846,0.9886012499647442
PRY,0.7077662058813764,0.7215413306294908,0.7353765569579543,0.7483321130236251,0.7613656223258278,0.7747642183209487,0.7885394320206573,0.8026853161333247,0.8169891004370502,0.831770611776331,0.8470521312655042,0.862864569883342,0.879928110198177,0.8994037561690317,0.9185851406286553,0.937494760341555,0.956129708944812,0.9744840809718626,0.9925566899459435,0.9936430710889628,0.9936971858499937,0.9937529855349383,0.9938102840740691
PSE,0.8849925661940756,0.8878193700829256,0.8907624276368243,0.8938294048747724,0.8970265001232931,0.9003592792591788,0.9038345261526566,0.9074486837696489,0.9110929667923764,0.914917078660932,0.9189289704406447,0.9231408477245814,0.927976577533063,0.9331453998169429,0.9381838371325225,0.9431661509429815,0.9480893546053155,0.9529511224735362,0.9577482923222034,0.9624779663051208,0.9671378622184019,0.9717253416070333,0.9760283943065279
QAT,0.9988061639716814,0.9987829700044979,0.9987590227470312,0.9987343198024976,0.9987088162526359,0.9986824753340735,0.9986552472576145,0.9986269185906143,0.9985955834368536,0.9986541175300414,0.9987156734647504,0.998780301496938,0.9988550637722687,0.9989541849784137,0.9990528838506784,0.9991514500705686,0.9992495356002236,0.9993474245459634,0.999444919957645,0.9995418359583059,0.9996384482670941,0.9997345675863274,0.9998300028219836
ROU,1.0,1.0,1.0,1.0,1.0,1.0000000000000002,1.0,1.0,1.0,1.0,1.0,0.9999999999999999,0.9999999999999999,0.9999999999999999,0.9999999999999999,1.0,1.0,1.0,1.0000000000000002,1.0,0.9999999999999998,1.0,0.9999999999999999
RUS,0.9427796162459094,0.9416617900219586,0.9414641716393749,0.9413250060233236,0.9412075148277319,0.9410918001732544,0.940977710598627,0.9408577855116151,0.9406542862553362,0.9404493261114815,0.9402447310117594,0.9400401241102162,0.9402000234704818,0.9415858553597151,0.9429895862848771,0.9444068706640355,0.9458368649228304,0.9472779665148784,0.9487264100724349,0.9501807625827206,0.9516388898191248,0.9530991591806068,0.9545585059236231
RWA,0.317340997101492,0.31798819977344284,0.31900823572738746,0.317075313969,0.3147828302886065,0.3126081057624333,0.3105585114966802,0.30854856327850205,0.3056765886739041,0.30293382544705105,0.30030578121153584,0.29782078155934977,0.2995109895082523,0.3154945204274442,0.33168605396642636,0.34808789752719527,0.3646838752910184,0.38147942105806,0.39846189362259643,0.41562303624548635,0.4329582001545431,0.45046230380494356,0.462125846306214
SAU,0.9836989978811501,0.9833823003622004,0.98305531718742,0.9827180156303943,0.9823697823634516,0.9820101154082665,0.9816383349279301,0.9812515266478639,0.9808236668784094,0.9803799849677968,0.9799191804427276,0.9794406975112039,0.9790635719957034,0.979103247512603,0.9791451946363018,0.9791895680951507,0.9791812309652481,0.9791757171923005,0.9791725737772459,0.9791725809265082,0.9791751163105102,0.9791809469923585,0.9791897561519173
SDN,0.3193048991793914,0.30625554420596934,0.29278370704755685,0.2788880944707455,0.26454370593143856,0.26468117816671083,0.26492972669576603,0.2652049884098521,0.2645463371389628,0.26407478091851555,0.26378427919483416,0.2636959005008921,0.2680100016473561,0.2872267741257103,0.3064844259964816,0.3257817884386838,0.3451022525366747,0.364436981776018,0.38377043223760243,0.4030909204542027,0.4223871530684764,0.4416490819624993,0.4593393105142559
SEN,0.5050959385226095,0.509522494996738,0.514231674908956,0.5201077314442523,0.5269648324001466,0.5341391296818576,0.5416524972188634,0.5494582990169059,0.5569925058723506,0.5649179223351954,0.5732559222859739,0.5820306956422611,0.5935902840417938,0.613488901339318,0.6332906291982064,0.6530253434625547,0.6726744023031159,0.6922342583361202,0.7116794857785875,0.7310020500003576,0.7501835665745111,0.7692149415105685,0.7880779422419558
SGP,1.0,1.0,1.0,1.0,1.0,1.0000000000000002,1.0,1.0,1.0,1.0,1.0,0.9999999999999999,0.9999999999999999,0.9999999999999999,0.9999999999999999,1.0,1.0,1.0,1.0000000000000002,1.0,0.9999999999999998,1.0,0.9999999999999999
SLB,0.7378794530588052,0.7334667954401741,0.728929815628976,0.7242699783994753,0.7194799567264583,0.7029163736911443,0.6835212796593959,0.6635676157024051,0.6425602160961357,0.6209164315479705,0.5986020564676475,0.5755689612787601,0.5543377193862232,0.5420274497278895,0.5300782535052343,0.5184996444096966,0.5072843292037166,0.4964411510080854,0.4857015839187966,0.489346869823889,0.49303733843350717,0.49676997970222714,0.49829424862403215
SLE,0.27548651769540944,0.26549908008177714,0.2651998301901337,0.26501059166246865,0.26493153986297074,0.2653741407691234,0.26624746802645344,0.26716164356204025,0.26715885863812383,0.2672807431201323,0.26751849116627835,0.2678990832873852,0.27260111852798685,0.29203509549643736,0.311443570206243,0.33082018120191103,0.3501625222997262,0.36949975465913254,0.3888261654849329,0.40813056944488935,0.427401900410172,0.4466332441344383,0.4658130743088026
SLV,0.7372777390408238,0.7346769304367317,0.7447039557236498,0.7551009206558799,0.7658866274700806,0.777057807819729,0.7886399975842102,0.8008101293465884,0.8142773381300688,0.8280729502933766,0.8422115927209379,0.8567116376205021,0.8723111017116868,0.8903732364680143,0.9080090627373197,0.9252117449985794,0.9405937957536967,0.9500725083837819,0.9591945244572695,0.9661134287927262,0.9694651576998117,0.9720881662284016,0.9783174224913816
SMR,1.0,1.0,1.0,1.0,1.0,1.0000000000000002,1.0,1.0,1.0,1.0,1.0,0.9999999999999999,0.9999999999999999,0.9999999999999999,0.9999999999999999,1.0,1.0,1.0,1.0000000000000002,1.0,0.9999999999999998,1.0,0.9999999999999999
SOM,0.06122627669006864,0.0626389342287304,0.06419602940967806,0.06858688135773539,0.07324102814828448,0.07814286565414863,0.08332494132636553,0.06404686467722615,0.0738536782534891,0.08422148551204067,0.09518392698214317,0.10674223089742596,0.11538426912271715,0.14194219546746223,0.16841204020618172,0.19479833398485646,0.2210990927855011,0.24730250060163206,0.27340038043480797,0.2993745213530562,0.3252218302827793,0.35093086853752464,0.35668474986602894
SRB,0.8685008306924569,0.8658853755317297,0.863183919655032,0.8603969604901265,0.8575171818677796,0.8595667721582123,0.861741742923114,0.8640311367566738,0.8662685268193944,0.8686576787235119,0.8712055899562576,0.8739232833837017,0.8775657414358405,0.8837680806661686,0.8899701186428169,0.8961717132230925,0.9023696097475473,0.9085577082350148,0.9147354344487257,0.9209035050870669,0.9270622092237242,0.9332116703691165,0.9333903895031442
SSD,0.27645789293105927,0.2624008436469981,0.2478872515664654,0.23291566408315634,0.2174588578157715,0.20149455177493297,0.1849925704765824,0.1678235598875228,0.14883242321604162,0.12913899933127715,0.10868556496051807,0.08744745052148162,0.0718766924689288,0.07422653986566774,0.07612721374633669,0.07762402879888974,0.07874754054912192,0.07953935298768922,0.08003409354306767,0.08027742944320393,0.08450713615058414,0.08892928861948868,0.09355269904812358
STP,0.6157786066256178,0.6147548464320761,0.6139931817836096,0.6132151458165802,0.6123575913970027,0.6114047312815616,0.6103549839725364,0.6091541023635867,0.6072789515888584,0.6052676060757571,0.6031097729553676,0.6008010863133665,0.6006249529129378,0.6083317122202082,0.6158828860988993,0.6232819807557356,0.6305329519033929,0.6376413835349714,0.6446084830758261,0.6476440231746741,0.6483298542506202,0.6488489941549216,0.650775552402208
SUR,0.8654863578286154,0.8687415348217504,0.8721188791781839,0.8756214974764622,0.8792574283631096,0.882698368687862,0.8862819567509899,0.8900342549017861,0.8938294062086842,0.89784273970932,0.9020798727489634,0.9065590589833724,0.9118001085707218,0.9189272655673365,0.9260777418737197,0.9332416491226417,0.9404055139318366,0.9475581551616906,0.954688103782042,0.9617824027073811,0.9688313568918705,0.9689447167819141,0.9690677573611627
SVK,0.9751701044176113,0.9746692782415396,0.9741305840940414,0.9735745583156805,0.9730001880648764,0.9724066254607706,0.9717924675838818,0.9711534095996042,0.9704495304795862,0.9741221421274386,0.979129921036187,0.984451946065875,0.99014160787332,0.9924357337683486,0.9966449747700529,0.9966590210826586,0.9966717037014297,0.9966828977100478,0.9966927455044519,0.9967012810869822,0.9967085148843964,0.996714327012115,0.9967188849294802
SVN,0.9938512771512229,0.9937318191414195,0.9936084813917968,0.993481251557981,0.9933498982933446,0.99321423225213,0.9930739970004867,0.9929280932767524,0.9927667049693749,0.9925993485650579,0.9924255335264822,0.9922450502094223,0.992102798815483,0.9921177643835825,0.9921335867996551,0.9921503244270914,0.9921679774600658,0.9921865965752291,0.9922061212811704,0.992226602618018,0.992248033170976,0.9922704597066794,0.9922938722567533
SWE,0.9936145513215449,0.9936466972453601,0.9936828786683963,0.9937207503757408,0.9937603425706794,0.9938014725930306,0.9938508174969121,0.9939067037291156,0.9939551353429066,0.9940044362464961,0.9940544982862769,0.9941150788019221,0.9942173534046493,0.9944323040499873,0.9946415566561889,0.9948454320382939,0.9950437394962788,0.9952367930041911,0.9954243696817497,0.9956066312676515,0.995784015320367,0.9959566774725639,0.9959755518473666
SWZ,0.42706901449499923,0.42655547415278006,0.4260395836973836,0.4255359454219091,0.42502861538764375,0.4245344590107735,0.4240378846823271,0.42373535567235526,0.4243191190888248,0.4249340083911546,0.42556912647465395,0.4262436806852893,0.42978622118449483,0.44479360996617257,0.45968801490590894,0.4744763088941534,0.4891947067432305,0.5062243134362413,0.523242047788635,0.5402428782465207,0.5572180423617079,0.574161692707488,0.5910697076279722
SYC,0.9251080638040672,0.9252257422654409,0.9253579282378187,0.9255076540536706,0.9256750052735307,0.9258611444631599,0.9260667187409746,0.9262834343838087,0.9264159789852526,0.9265701444103915,0.926745819841315,0.926946046487822,0.927587245514666,0.9297021240102671,0.9318167622881633,0.9339311646249661,0.9360448004220521,0.9381570681610062,0.9402670899885914,0.9423742505278916,0.9444779329411457,0.944638558966344,0.9448062471419897
SYR,0.8966696057561883,0.8964578008513693,0.8962308831276308,0.8959885447337379,0.8957310603108364,0.8954538477542435,0.8951570755146261,0.8948285833457446,0.8943261889113876,0.893796063504694,0.8932369861197902,0.8914365966937546,0.8902726540297757,0.89138042853508,0.8925690242359469,0.8950991335528103,0.8975825209306887,0.9000184396320826,0.9024053624379627,0.9047438556735075,0.9070328323702288,0.9080755145168495,0.9087275441511028
TCD,0.24533760792545778,0.23796333766088534,0.2304293298096466,0.22276101851011665,0.2149409963075975,0.20696388057971632,0.19881714950373114,0.19039949059641498,0.18060959027868295,0.1705780589630621,0.1603859948114904,0.15003982166717467,0.14444028349688698,0.15617672476715094,0.16810194619782415,0.18021803258871305,0.19251456012150292,0.20498573272534637,0.21761943456656918,0.23040349840194496,0.2433364093137711,0.2564043106100308,0.26013698720921496
TGO,0.32901692989349174,0.331787349206373,0.3346449581719848,0.33760298318788695,0.3406590410393738,0.3438096087285602,0.3470599325047156,0.3503327827146759,0.35278718387426566,0.35532584920255017,0.35796458936923625,0.3608482053882942,0.36754695715310315,0.3869460404219959,0.40616541147555496,0.42520263937491465,0.444073641688415,0.46276741373221275,0.48127169913258827,0.49958179122084934,0.5176890580678128,0.5354079419480604,0.5529015651607813
THA,0.9276339591503449,0.9308980698516045,0.9342308900304709,0.9376321350309196,0.9411015122065278,0.9446821498886524,0.9482328372606772,0.9518318289266161,0.955421492058059,0.9590723253823694,0.9627855857903009,0.9663753132030345,0.9702014907704618,0.9746192013151352,0.978949635604141,0.9831916466892424,0.9873439214968187,0.9904318624340941,0.9927612013235256,0.9994532192281516,0.9999999999999998,1.0,0.9999999999999999
TJK,0.4651377252430897,0.4706528786745956,0.47653539297037784,0.48281853473137015,0.48951385362487737,0.4966549557886874,0.5042563751433511,0.5122831240685415,0.5201338043847946,0.5285426844412553,0.5375329205249104,0.5471453642073395,0.5600541874356476,0.5822385170803316,0.6045538351360268,0.6269754101063004,0.6494834702814689,0.672055206383238,0.6946606163305766,0.7172832473647406,0.7186411236258863,0.7200991236247216,0.7216532788109381
TKM,0.8419335519819178,0.8471639490341736,0.8525608322370816,0.8581337814060264,0.8638891763210628,0.8711169631572169,0.8786313553176675,0.8864278653491988,0.8943750859857946,0.9026605637934673,0.9112917873847262,0.9202837691227367,0.930051962004354,0.9413085583107296,0.9523602150173919,0.9632468770065733,0.9739683934031189,0.9843353762778823,0.9897912658989281,0.9967805697402783,0.9999999999999998,1.0,0.9999999999999999
TLS,0.392799476620711,0.38100272339921937,0.36882283694711926,0.37610975173476935,0.3837697883751435,0.391658907141247,0.39994841512965956,0.4085857756516797,0.4168378667045498,0.4331592404089777,0.4506984794258554,0.4695449938309374,0.49267431926520644,0.5267642886802583,0.5611040164804503,0.5956762417009306,0.6304596441724193,0.6654319405681283,0.7005749232575733,0.7261295290533836,0.751537370061532,0.7767849440922352,0.7999279631178561
TON,0.9771610608760455,0.9767167168371862,0.9762579371475958,0.9757846747874628,0.9752960691780821,0.9752965482292337,0.9753013192234954,0.9753077304851088,0.9752839755462548,0.9752652467480796,0.9752516427124167,0.975243873783539,0.9753800014751971,0.9760127805721178,0.9766447765364402,0.9772758171904755,0.9779060210552963,0.9785351743795377,0.9791646240209524,0.9797946081850144,0.9804256635993682,0.9810578339663827,0.9816914734624848
TTO,0.9041320647288351,0.9067623140920238,0.9095063229376136,0.9123721151930644,0.9153650865936345,0.9184915292582627,0.9217576367147975,0.9251615471012324,0.9286182279902766,0.9322477761782502,0.9360587778598346,0.9400632338605922,0.9445899196649311,0.9585449582225748,0.9646524296125144,0.970739235347403,0.9768029590007719,0.9824224988514297,0.9824664228013975,0.9825124988456504,0.982560710303418,0.9826111623837284,0.9826638326611276
TUN,0.8654133110011719,0.8671089244353247,0.8685020466281735,0.8699089878417521,0.871275311284611,0.8724130447970602,0.873570247885803,0.8747258398561066,0.8757204181018126,0.8767341576474927,0.8777618966464049,0.87665209511601,0.8827954260042513,0.8913369185944776,0.8997952687300476,0.9081825018172,0.9164877702184837,0.9247028562677561,0.9328203506278985,0.9408302983398822,0.9487232200553923,0.9526795997334854,0.9565641027300805
TUR,0.920855607081853,0.9203808145526098,0.9215236562247576,0.9226709554816417,0.9238229519482273,0.924977773217742,0.9261376410116895,0.9272927369113504,0.9283508854059448,0.9294152508480404,0.9304863943645971,0.9315659802760606,0.9330394732124566,0.9358281975313468,0.9385560758051626,0.941224141206244,0.9438339034784677,0.946385832111838,0.9488816641365139,0.9513223637222386,0.953709440159157,0.9539365775759852,0.9541668805117113
TUV,0.9853356649290375,0.9853649259677695,0.9853956356409997,0.9854029577386931,0.9853965096542188,0.9853883420238663,0.9853783765476674,0.9853646890362391,0.9853276950280789,0.9852885410385361,0.9852464542028823,0.9852020048096198,0.985239025377972,0.98557172534886,0.985903072888454,0.9862337099607673,0.9865638520518412,0.9868934845591523,0.9872224034732018,0.9875512150286512,0.9878796448234843,0.9882076587377042,0.9885357478789266
TZA,0.12277917353786438,0.12337209074921807,0.12410309417250737,0.1262697218215365,0.1285996668033041,0.13116563339781168,0.13397244642078715,0.13691098265699736,0.13886638932284645,0.1410439832555821,0.14345569883921305,0.14610247855950254,0.15385248375664173,0.178727958510434,0.20347594773366262,0.22808598220635545,0.25253009572141316,0.2768038804486769,0.3008801938992324,0.32473818420277745,0.348373854414342,0.37176105208318844,0.39570334059096435
UGA,0.09511619241567332,0.09351198150234752,0.0922912277557576,0.09149363300802171,0.09113538782462138,0.09120967574480249,0.0917601203794729,0.09267479172173915,0.09279304862987647,0.09341176247698013,0.09454767179836765,0.09623644531713471,0.10364965993861974,0.12956282914245376,0.155756711977731,0.18220211658652152,0.2088643770949682,0.23572600581942293,0.2627472393691884,0.2899264232391,0.3172238160266022,0.3446210902052811,0.3720987007006257
UKR,0.9771701609858616,0.9773617126475342,0.9773320957648904,0.9768649617792742,0.9702265636450644,0.9632885893379577,0.9560198809530902,0.9484030856709167,0.9403384805942991,0.9318672346814656,0.922994338086311,0.9136912863057666,0.9044798769047456,0.9020734693723124,0.8949372865940427,0.8957812703600961,0.8966271708212676,0.8974770520341416,0.8983106144366642,0.8991258659176014,0.8999219531979652,0.9000514787383533,0.9012043598804808
URY,0.962853474704769,0.9629623222155863,0.9631094328971718,0.9632469051589898,0.9633671167366835,0.9654916566949812,0.967591708244617,0.9696625102242091,0.971672680669265,0.9736675941163044,0.9756546043288077,0.977633949308995,0.9795996340121084,0.9819115304180203,0.9841658541972899,0.9863635435947432,0.9885065069226464,0.9905937561530554,0.9918725432720046,0.9920282255168298,0.992182296492266,0.9923360062083666,0.9924168620555355
USA,0.9864355484722267,0.9861720169351202,0.9858999264591869,0.9856192498119993,0.9853294766290157,0.9850301892021336,0.9848155695439267,0.9845918710695227,0.9843380356019888,0.9840751302292634,0.9850124031888505,0.9859847894414805,0.9870661218440219,0.9884113795520303,0.9897365333692459,0.9910408512816163,0.9923230515063566,0.9935826954991672,0.9948184735501477,0.9960298150211266,0.9972158035936876,0.9983758689935676,0.9994468541505898
UZB,0.8439773874568512,0.8470996374985644,0.8503128073122043,0.8536220252343361,0.8570274683781014,0.8605327940547991,0.8641425726028655,0.8678427530423698,0.8714698446100162,0.8752201323769324,0.8790998504042871,0.8826781564002762,0.886666002248807,0.8930541424458703,0.8994747910562656,0.9059266620510574,0.912407286475178,0.9189149995468228,0.9254682289548519,0.9320207070868822,0.9373301544067758,0.9426427916626086,0.9479498848935698
VCT,0.9440327259624903,0.9449110896154296,0.9458395496178064,0.946822527334416,0.947862138603548,0.9489619336072341,0.9501246057199644,0.9513474033160736,0.9525727311431975,0.9538752919186959,0.9552588384555665,0.9567293964555227,0.9585302171398643,0.9612096267950608,0.9638948940213213,0.9640619873180641,0.9642333460264312,0.9644091660598256,0.9645894473064434,0.9646825018026508,0.9647798689483493,0.964881761222133,0.964988133333888
VEN,0.9659077912926706,0.9630252547514064,0.9600339619732766,0.9569294556688601,0.9537062479833567,0.950358308894391,0.9468793577545123,0.9432554447670647,0.9393985862380196,0.9353751434616282,0.9311746103883809,0.926787845512094,0.922647862061798,0.9200025601501282,0.9173770168893464,0.9147726184476795,0.9121901828103711,0.9096315824017153,0.9070968097939753,0.9045877658540771,0.9021050620963549,0.8996506247787417,0.8972250696364231
VNM,0.7611795463964178,0.7673069488050088,0.7736271113902359,0.7801426927958963,0.7868642403016912,0.7937919182320416,0.8009353151490664,0.8082776385319344,0.8155845392080032,0.8231512210630829,0.8310019882974493,0.8391272889703675,0.8484088008305327,0.8607540020474896,0.8729190387180138,0.8848972241977241,0.896681211776793,0.9082614239771473,0.9246921145120308,0.937642583541479,0.9483256991964,0.9585311709171407,0.9685099878351066
VUT,0.7955806669396699,0.7922024080846495,0.788722855699835,0.7851472663498034,0.7814652887301259,0.7828133603081173,0.7846923143945475,0.7866384525876036,0.7883811292591267,0.7902304592459446,0.7919001685318792,0.7935084866293033,0.7964046254223226,0.8034558243257771,0.8104966900493175,0.8175262846386561,0.8245442115322774,0.8315473976678555,0.8385505817273138,0.8455492791417674,0.8525425520963177,0.8595236438908032,0.8664916450933619
WSM,0.8409058544449732,0.83775428129289,0.834648090016103,0.8315247717655796,0.8283002260236569,0.8281992893129724,0.8281000685535778,0.8279795463484989,0.8276117728531254,0.8272427452154048,0.8268687534321801,0.826494010464529,0.8271155772767195,0.8441032522419442,0.86106105013155,0.877984642894709,0.8948674719969951,0.9117036969899645,0.9284913186323116,0.9443864721741912,0.9596378343113212,0.9732870179278956,0.9851673994423537
YEM,0.27296357373609925,0.2617252591140603,0.25018704779206913,0.2516020476171106,0.25212716803290797,0.2526048187365361,0.2530420736674613,0.25333564160368777,0.25249668027924566,0.251576856801243,0.2505521407335871,0.24942322560932573,0.2524668882200135,0.2704443909853709,0.2882057136276325,0.3057569520651712,0.3230880035814273,0.3401987104758989,0.3570749947274411,0.37372193686944144,0.3901305989355619,0.40629725647696824,0.4106082246268422
ZAF,0.8103421518316429,0.8132207467760237,0.8163473826156064,0.8195890737432114,0.8228712159923774,0.826183644861145,0.829534166734657,0.8329037149998961,0.8360828293293909,0.8393001825592694,0.84256562328391,0.8458807645449898,0.8501106476857961,0.8572902324282109,0.8643223077161489,0.8712040931348307,0.8779349525465587,0.8845128968036929,0.8909369816583537,0.897208324251414,0.9033297178160042,0.909296936474,0.915110683883389
ZMB,0.34827140954552327,0.3479316758257325,0.3494376166691828,0.350996012611953,0.35260328871469765,0.354254533876792,0.3559534744363307,0.3576152908201417,0.35841136009237784,0.35922850873025247,0.36008119828059604,0.3609691826050272,0.36556618115200257,0.38294832816206126,0.4002108513394219,0.4173650523023884,0.43439059894139254,0.4512913993180462,0.46805639837694035,0.48467661267679407,0.5011454306186565,0.5058470880502852,0.5106271354643243
ZWE,0.6540653510859259,0.649183080525063,0.6383176398115934,0.6246637629553607,0.6101319353578194,0.5950675882824992,0.5794366139824088,0.5631619569889461,0.5456039721784326,0.5273274974756377,0.5082763922816187,0.4884225579081488,0.4707482140084661,0.4634793953631645,0.45649550977268094,0.44981514014025803,0.44344018770538507,0.437382291077406,0.4316511908812867,0.4262447618961741,0.42118327261992905,0.41646299327993763,0.4188693476901574
